tbl,key,npi,primary_taxonomy,reason
clinics,1326607466,1326607466,Psychologist,not in NPPES; stored name matches more than one NUCC code
clinics,1356158000,1356158000,Podiatrist,not in NPPES; stored name matches more than one NUCC code
clinics,1033099072,1033099072,Psychologist,not in NPPES; stored name matches more than one NUCC code
clinics,1073487096,1073487096,Psychologist,not in NPPES; stored name matches more than one NUCC code
clinics,1568870632,1568870632,Podiatrist,not in NPPES; stored name matches more than one NUCC code
clinics,1003388208,1003388208,Psychologist,not in NPPES; stored name matches more than one NUCC code
clinics,1083237754,1083237754,Podiatrist,not in NPPES; stored name matches more than one NUCC code
clinics,1629401351,1629401351,Psychologist,not in NPPES; stored name matches more than one NUCC code
clinics,1427447291,1427447291,Clinical Neuropsychologist,not in NPPES; stored name matches more than one NUCC code
clinics,1083607212,1083607212,Pharmacist,not in NPPES; stored name matches more than one NUCC code
clinics,1932068939,1932068939,Podiatrist,not in NPPES; stored name matches more than one NUCC code
clinics,1598677049,1598677049,"Counselor, Mental Health",not in NPPES; stored name is not a NUCC display name
clinics,1508778002,1508778002,"Counselor, Professional",not in NPPES; stored name is not a NUCC display name
clinics,1205283660,1205283660,Psychologist,not in NPPES; stored name matches more than one NUCC code
clinics,1700427432,1700427432,Psychologist,not in NPPES; stored name matches more than one NUCC code
clinics,1639875230,1639875230,Psychologist,not in NPPES; stored name matches more than one NUCC code
clinics,1447948278,1447948278,Psychologist,not in NPPES; stored name matches more than one NUCC code
clinics,1740079888,1740079888,Podiatrist,not in NPPES; stored name matches more than one NUCC code
clinics,1639717721,1639717721,Podiatrist,not in NPPES; stored name matches more than one NUCC code
clinics,1376648725,1376648725,Psychologist,not in NPPES; stored name matches more than one NUCC code
clinics,1609485648,1609485648,Clinical Neuropsychologist,not in NPPES; stored name matches more than one NUCC code
clinics,1356405336,1356405336,Pharmacist,not in NPPES; stored name matches more than one NUCC code
clinics,1811371040,1811371040,Psychologist,not in NPPES; stored name matches more than one NUCC code
clinics,1518567155,1518567155,Psychologist,not in NPPES; stored name matches more than one NUCC code
individuals,1285695239,1285695239,Psychologist,not in NPPES; stored name matches more than one NUCC code
individuals,1407809221,1407809221,Pharmacist,not in NPPES; stored name matches more than one NUCC code
individuals,1902850183,1902850183,Psychologist,not in NPPES; stored name matches more than one NUCC code
individuals,1609814425,1609814425,Podiatrist,not in NPPES; stored name matches more than one NUCC code
individuals,1942238266,1942238266,Psychologist,not in NPPES; stored name matches more than one NUCC code
individuals,1093733206,1093733206,Pharmacist,not in NPPES; stored name matches more than one NUCC code
individuals,1205939329,1205939329,Pharmacist,not in NPPES; stored name matches more than one NUCC code
individuals,1710082631,1710082631,Psychologist,not in NPPES; stored name matches more than one NUCC code
individuals,1922181239,1922181239,Podiatrist,not in NPPES; stored name matches more than one NUCC code
individuals,1699808659,1699808659,Psychologist,not in NPPES; stored name matches more than one NUCC code
individuals,1356566681,1356566681,Pharmacist,not in NPPES; stored name matches more than one NUCC code
individuals,1295954295,1295954295,Psychologist,not in NPPES; stored name matches more than one NUCC code
individuals,1922204262,1922204262,Psychologist,not in NPPES; stored name matches more than one NUCC code
individuals,1710179775,1710179775,Psychologist,not in NPPES; stored name matches more than one NUCC code
individuals,1043488521,1043488521,Pharmacist,not in NPPES; stored name matches more than one NUCC code
individuals,1588818991,1588818991,Pharmacist,not in NPPES; stored name matches more than one NUCC code
individuals,1326280355,1326280355,Pharmacist,not in NPPES; stored name matches more than one NUCC code
individuals,1457673725,1457673725,Pharmacist,not in NPPES; stored name matches more than one NUCC code
individuals,1568753408,1568753408,Pharmacist,not in NPPES; stored name matches more than one NUCC code
individuals,1285917880,1285917880,Pharmacist,not in NPPES; stored name matches more than one NUCC code
individuals,1215207949,1215207949,Pharmacist,not in NPPES; stored name matches more than one NUCC code
individuals,1992077085,1992077085,Pharmacist,not in NPPES; stored name matches more than one NUCC code
individuals,1871833723,1871833723,Psychologist,not in NPPES; stored name matches more than one NUCC code
individuals,1174864565,1174864565,Pharmacist,not in NPPES; stored name matches more than one NUCC code
individuals,1205382678,1205382678,Pharmacist,not in NPPES; stored name matches more than one NUCC code
individuals,1881466522,1881466522,Pharmacist,not in NPPES; stored name matches more than one NUCC code
individuals,1396629028,1396629028,Pharmacist,not in NPPES; stored name matches more than one NUCC code
individuals,1275593162,1275593162,Psychologist,not in NPPES; stored name matches more than one NUCC code
individuals,1134221690,1134221690,Psychologist,not in NPPES; stored name matches more than one NUCC code
individuals,1407954712,1407954712,Pharmacist,not in NPPES; stored name matches more than one NUCC code
individuals,1245358720,1245358720,Pharmacist,not in NPPES; stored name matches more than one NUCC code
individuals,1851687032,1851687032,Clinical Neuropsychologist,not in NPPES; stored name matches more than one NUCC code
individuals,1962747436,1962747436,Pharmacist,not in NPPES; stored name matches more than one NUCC code
individuals,1811341555,1811341555,Psychologist,not in NPPES; stored name matches more than one NUCC code
individuals,1801540232,1801540232,Pharmacist,not in NPPES; stored name matches more than one NUCC code
individuals,1154329704,1154329704,Psychologist,not in NPPES; stored name matches more than one NUCC code
individuals,1538139613,1538139613,Psychologist,not in NPPES; stored name matches more than one NUCC code
individuals,1548224108,1548224108,Psychologist,not in NPPES; stored name matches more than one NUCC code
individuals,1093772279,1093772279,Pharmacist,not in NPPES; stored name matches more than one NUCC code
individuals,1679531305,1679531305,Pharmacist,not in NPPES; stored name matches more than one NUCC code
individuals,1659339075,1659339075,Podiatrist,not in NPPES; stored name matches more than one NUCC code
individuals,1013966803,1013966803,Psychologist,not in NPPES; stored name matches more than one NUCC code
individuals,1639119803,1639119803,Psychologist,not in NPPES; stored name matches more than one NUCC code
individuals,1912936311,1912936311,Psychologist,not in NPPES; stored name matches more than one NUCC code
individuals,1558391532,1558391532,Psychologist,not in NPPES; stored name matches more than one NUCC code
individuals,1104857382,1104857382,Podiatrist,not in NPPES; stored name matches more than one NUCC code
individuals,1619908357,1619908357,Psychologist,not in NPPES; stored name matches more than one NUCC code
individuals,1942214440,1942214440,Psychologist,not in NPPES; stored name matches more than one NUCC code
individuals,1396854261,1396854261,Pharmacist,not in NPPES; stored name matches more than one NUCC code
individuals,1730272618,1730272618,Psychologist,not in NPPES; stored name matches more than one NUCC code
individuals,1700966488,1700966488,Pharmacist,not in NPPES; stored name matches more than one NUCC code
individuals,1538244694,1538244694,Psychologist,not in NPPES; stored name matches more than one NUCC code
individuals,1013093996,1013093996,Psychologist,not in NPPES; stored name matches more than one NUCC code
individuals,1801967088,1801967088,Podiatrist,not in NPPES; stored name matches more than one NUCC code
individuals,1669520714,1669520714,Pharmacist,not in NPPES; stored name matches more than one NUCC code
individuals,1437374980,1437374980,Pharmacist,not in NPPES; stored name matches more than one NUCC code
individuals,1558574277,1558574277,Psychologist,not in NPPES; stored name matches more than one NUCC code
individuals,1891909891,1891909891,Pharmacist,not in NPPES; stored name matches more than one NUCC code
individuals,1508060799,1508060799,Psychologist,not in NPPES; stored name matches more than one NUCC code
individuals,1275792806,1275792806,Pharmacist,not in NPPES; stored name matches more than one NUCC code
individuals,1013163336,1013163336,Pharmacist,not in NPPES; stored name matches more than one NUCC code
individuals,1770730376,1770730376,Pharmacist,not in NPPES; stored name matches more than one NUCC code
individuals,1114253598,1114253598,Pharmacist,not in NPPES; stored name matches more than one NUCC code
individuals,1750613873,1750613873,Pharmacist,not in NPPES; stored name matches more than one NUCC code
individuals,1053624858,1053624858,Pharmacist,not in NPPES; stored name matches more than one NUCC code
individuals,1609182559,1609182559,Pharmacist,not in NPPES; stored name matches more than one NUCC code
individuals,1356649214,1356649214,Pharmacist,not in NPPES; stored name matches more than one NUCC code
individuals,1790069789,1790069789,Pharmacist,not in NPPES; stored name matches more than one NUCC code
individuals,1679946560,1679946560,Pharmacist,not in NPPES; stored name matches more than one NUCC code
individuals,1326405358,1326405358,Pharmacist,not in NPPES; stored name matches more than one NUCC code
individuals,1831632405,1831632405,Pharmacist,not in NPPES; stored name matches more than one NUCC code
individuals,1306384565,1306384565,Pharmacist,not in NPPES; stored name matches more than one NUCC code
individuals,1659881712,1659881712,Pharmacist,not in NPPES; stored name matches more than one NUCC code
individuals,1245742972,1245742972,Pharmacist,not in NPPES; stored name matches more than one NUCC code
individuals,1093285975,1093285975,Pharmacist,not in NPPES; stored name matches more than one NUCC code
individuals,1902442825,1902442825,Pharmacist,not in NPPES; stored name matches more than one NUCC code
individuals,1154927267,1154927267,Pharmacist,not in NPPES; stored name matches more than one NUCC code
individuals,1124989074,1124989074,Pharmacist,not in NPPES; stored name matches more than one NUCC code
individuals,1932066974,1932066974,Psychologist,not in NPPES; stored name matches more than one NUCC code
individuals,1689662264,1689662264,Pharmacist,not in NPPES; stored name matches more than one NUCC code
individuals,1881752574,1881752574,Pharmacist,not in NPPES; stored name matches more than one NUCC code
individuals,1821142787,1821142787,Pharmacist,not in NPPES; stored name matches more than one NUCC code
individuals,1538343116,1538343116,Pharmacist,not in NPPES; stored name matches more than one NUCC code
individuals,1649598194,1649598194,Pharmacist,not in NPPES; stored name matches more than one NUCC code
individuals,1225320344,1225320344,Pharmacist,not in NPPES; stored name matches more than one NUCC code
individuals,1942580865,1942580865,Pharmacist,not in NPPES; stored name matches more than one NUCC code
individuals,1851651301,1851651301,Pharmacist,not in NPPES; stored name matches more than one NUCC code
individuals,1730437609,1730437609,Pharmacist,not in NPPES; stored name matches more than one NUCC code
individuals,1497396014,1497396014,Pharmacist,not in NPPES; stored name matches more than one NUCC code
individuals,1366082638,1366082638,Pharmacist,not in NPPES; stored name matches more than one NUCC code
individuals,1851389639,1851389639,Psychologist,not in NPPES; stored name matches more than one NUCC code
individuals,1417946245,1417946245,Psychologist,not in NPPES; stored name matches more than one NUCC code
individuals,1518916170,1518916170,Pharmacist,not in NPPES; stored name matches more than one NUCC code
individuals,1134145204,1134145204,Podiatrist,not in NPPES; stored name matches more than one NUCC code
individuals,1013927383,1013927383,Podiatrist,not in NPPES; stored name matches more than one NUCC code
individuals,1265523799,1265523799,Pharmacist,not in NPPES; stored name matches more than one NUCC code
individuals,1417048760,1417048760,Pharmacist,not in NPPES; stored name matches more than one NUCC code
individuals,1124115688,1124115688,Psychologist,not in NPPES; stored name matches more than one NUCC code
individuals,1922152339,1922152339,Pharmacist,not in NPPES; stored name matches more than one NUCC code
individuals,1275676173,1275676173,Pharmacist,not in NPPES; stored name matches more than one NUCC code
individuals,1316079072,1316079072,Pharmacist,not in NPPES; stored name matches more than one NUCC code
individuals,1215125034,1215125034,Psychologist,not in NPPES; stored name matches more than one NUCC code
individuals,1386802171,1386802171,Pharmacist,not in NPPES; stored name matches more than one NUCC code
individuals,1497909634,1497909634,Psychologist,not in NPPES; stored name matches more than one NUCC code
individuals,1003139684,1003139684,Pharmacist,not in NPPES; stored name matches more than one NUCC code
individuals,1700197837,1700197837,Pharmacist,not in NPPES; stored name matches more than one NUCC code
individuals,1417268756,1417268756,Pharmacist,not in NPPES; stored name matches more than one NUCC code
individuals,1134432875,1134432875,Pharmacist,not in NPPES; stored name matches more than one NUCC code
individuals,1760766554,1760766554,Pharmacist,not in NPPES; stored name matches more than one NUCC code
individuals,1730463076,1730463076,Pharmacist,not in NPPES; stored name matches more than one NUCC code
individuals,1700137627,1700137627,Pharmacist,not in NPPES; stored name matches more than one NUCC code
individuals,1225036403,1225036403,Pharmacist,not in NPPES; stored name matches more than one NUCC code
individuals,1306844410,1306844410,Pharmacist,not in NPPES; stored name matches more than one NUCC code
individuals,1619955028,1619955028,Clinical Neuropsychologist,not in NPPES; stored name matches more than one NUCC code
individuals,1891751624,1891751624,Psychologist,not in NPPES; stored name matches more than one NUCC code
individuals,1003865890,1003865890,Podiatrist,not in NPPES; stored name matches more than one NUCC code
individuals,1235174566,1235174566,Psychologist,not in NPPES; stored name matches more than one NUCC code
individuals,1972617165,1972617165,Pharmacist,not in NPPES; stored name matches more than one NUCC code
individuals,1427165224,1427165224,Pharmacist,not in NPPES; stored name matches more than one NUCC code
individuals,1033227673,1033227673,Clinical Neuropsychologist,not in NPPES; stored name matches more than one NUCC code
individuals,1295847192,1295847192,Psychologist,not in NPPES; stored name matches more than one NUCC code
individuals,1093826927,1093826927,Psychologist,not in NPPES; stored name matches more than one NUCC code
individuals,1053419978,1053419978,Pharmacist,not in NPPES; stored name matches more than one NUCC code
individuals,1124106307,1124106307,Psychologist,not in NPPES; stored name matches more than one NUCC code
individuals,1346307915,1346307915,Psychologist,not in NPPES; stored name matches more than one NUCC code
individuals,1457400582,1457400582,Psychologist,not in NPPES; stored name matches more than one NUCC code
individuals,1912057605,1912057605,Pharmacist,not in NPPES; stored name matches more than one NUCC code
individuals,1215089933,1215089933,Pharmacist,not in NPPES; stored name matches more than one NUCC code
individuals,1376697961,1376697961,Pharmacist,not in NPPES; stored name matches more than one NUCC code
individuals,1043430416,1043430416,Pharmacist,not in NPPES; stored name matches more than one NUCC code
individuals,1083820070,1083820070,Psychologist,not in NPPES; stored name matches more than one NUCC code
individuals,1790983260,1790983260,Psychologist,not in NPPES; stored name matches more than one NUCC code
individuals,1588863286,1588863286,Psychologist,not in NPPES; stored name matches more than one NUCC code
individuals,1689834186,1689834186,Psychologist,not in NPPES; stored name matches more than one NUCC code
individuals,1326374950,1326374950,Pharmacist,not in NPPES; stored name matches more than one NUCC code
individuals,1467789263,1467789263,Pharmacist,not in NPPES; stored name matches more than one NUCC code
individuals,1497084123,1497084123,Pharmacist,not in NPPES; stored name matches more than one NUCC code
individuals,1083943609,1083943609,Pharmacist,not in NPPES; stored name matches more than one NUCC code
individuals,1427364694,1427364694,Pharmacist,not in NPPES; stored name matches more than one NUCC code
individuals,1518265016,1518265016,Pharmacist,not in NPPES; stored name matches more than one NUCC code
individuals,1225317829,1225317829,Pharmacist,not in NPPES; stored name matches more than one NUCC code
individuals,1578848743,1578848743,Pharmacist,not in NPPES; stored name matches more than one NUCC code
individuals,1124397013,1124397013,Pharmacist,not in NPPES; stored name matches more than one NUCC code
individuals,1730452475,1730452475,Pharmacist,not in NPPES; stored name matches more than one NUCC code
individuals,1881941664,1881941664,Psychologist,not in NPPES; stored name matches more than one NUCC code
individuals,1245571256,1245571256,Pharmacist,not in NPPES; stored name matches more than one NUCC code
individuals,1275959173,1275959173,Pharmacist,not in NPPES; stored name matches more than one NUCC code
individuals,1831571371,1831571371,Pharmacist,not in NPPES; stored name matches more than one NUCC code
individuals,1720557077,1720557077,Pharmacist,not in NPPES; stored name matches more than one NUCC code
individuals,1114561974,1114561974,Pharmacist,not in NPPES; stored name matches more than one NUCC code
individuals,1518504877,1518504877,Pharmacist,not in NPPES; stored name matches more than one NUCC code
individuals,1932749488,1932749488,Pharmacist,not in NPPES; stored name matches more than one NUCC code
individuals,1053941278,1053941278,Pharmacist,not in NPPES; stored name matches more than one NUCC code
individuals,1790310019,1790310019,Pharmacist,not in NPPES; stored name matches more than one NUCC code
individuals,1588276307,1588276307,Pharmacist,not in NPPES; stored name matches more than one NUCC code
individuals,1003404690,1003404690,Pharmacist,not in NPPES; stored name matches more than one NUCC code
individuals,1548013998,1548013998,Pharmacist,not in NPPES; stored name matches more than one NUCC code
individuals,1740292291,1740292291,Pharmacist,not in NPPES; stored name matches more than one NUCC code
individuals,1629171236,1629171236,Psychologist,not in NPPES; stored name matches more than one NUCC code
individuals,1568529964,1568529964,Pharmacist,not in NPPES; stored name matches more than one NUCC code
individuals,1235296484,1235296484,Psychologist,not in NPPES; stored name matches more than one NUCC code
individuals,1558582916,1558582916,Pharmacist,not in NPPES; stored name matches more than one NUCC code
individuals,1689996480,1689996480,Pharmacist,not in NPPES; stored name matches more than one NUCC code
individuals,1023318318,1023318318,Pharmacist,not in NPPES; stored name matches more than one NUCC code
individuals,1780988873,1780988873,Pharmacist,not in NPPES; stored name matches more than one NUCC code
individuals,1265701809,1265701809,Pharmacist,not in NPPES; stored name matches more than one NUCC code
individuals,1891065439,1891065439,Pharmacist,not in NPPES; stored name matches more than one NUCC code
individuals,1821497363,1821497363,Pharmacist,not in NPPES; stored name matches more than one NUCC code
individuals,1013931138,1013931138,Pharmacist,not in NPPES; stored name matches more than one NUCC code
individuals,1114025814,1114025814,Pharmacist,not in NPPES; stored name matches more than one NUCC code
individuals,1881786374,1881786374,Podiatrist,not in NPPES; stored name matches more than one NUCC code
individuals,1285709097,1285709097,Pharmacist,not in NPPES; stored name matches more than one NUCC code
individuals,1306904156,1306904156,Pharmacist,not in NPPES; stored name matches more than one NUCC code
individuals,1265594998,1265594998,Psychologist,not in NPPES; stored name matches more than one NUCC code
individuals,1659495901,1659495901,Pharmacist,not in NPPES; stored name matches more than one NUCC code
individuals,1548387459,1548387459,Military Hospital,not in NPPES; stored name matches more than one NUCC code
individuals,1033327341,1033327341,Pharmacist,not in NPPES; stored name matches more than one NUCC code
individuals,1598951709,1598951709,Pharmacist,not in NPPES; stored name matches more than one NUCC code
individuals,1952602898,1952602898,Pharmacist,not in NPPES; stored name matches more than one NUCC code
individuals,1609166040,1609166040,Pharmacist,not in NPPES; stored name matches more than one NUCC code
individuals,1487945655,1487945655,Pharmacist,not in NPPES; stored name matches more than one NUCC code
individuals,1639424765,1639424765,Pharmacist,not in NPPES; stored name matches more than one NUCC code
individuals,1073864583,1073864583,Pharmacist,not in NPPES; stored name matches more than one NUCC code
individuals,1548693864,1548693864,Pharmacist,not in NPPES; stored name matches more than one NUCC code
individuals,1063842185,1063842185,Pharmacist,not in NPPES; stored name matches more than one NUCC code
individuals,1316447097,1316447097,Pharmacist,not in NPPES; stored name matches more than one NUCC code
individuals,1326747312,1326747312,Psychologist,not in NPPES; stored name matches more than one NUCC code
individuals,1558043794,1558043794,Pharmacist,not in NPPES; stored name matches more than one NUCC code
individuals,1225014699,1225014699,Psychologist,not in NPPES; stored name matches more than one NUCC code
individuals,1447201272,1447201272,Clinical Neuropsychologist,not in NPPES; stored name matches more than one NUCC code
individuals,1902840069,1902840069,Pharmacist,not in NPPES; stored name matches more than one NUCC code
individuals,1831284389,1831284389,Psychologist,not in NPPES; stored name matches more than one NUCC code
individuals,1629167192,1629167192,Psychologist,not in NPPES; stored name matches more than one NUCC code
individuals,1689752875,1689752875,Pharmacist,not in NPPES; stored name matches more than one NUCC code
individuals,1316097843,1316097843,Psychologist,not in NPPES; stored name matches more than one NUCC code
individuals,1639349277,1639349277,Pharmacist,not in NPPES; stored name matches more than one NUCC code
individuals,1033341953,1033341953,Psychologist,not in NPPES; stored name matches more than one NUCC code
individuals,1164706842,1164706842,Pharmacist,not in NPPES; stored name matches more than one NUCC code
individuals,1407383219,1407383219,Pharmacist,not in NPPES; stored name matches more than one NUCC code
individuals,1376543819,1376543819,Podiatrist,not in NPPES; stored name matches more than one NUCC code
individuals,1679573042,1679573042,Pharmacist,not in NPPES; stored name matches more than one NUCC code
individuals,1336122530,1336122530,Psychologist,not in NPPES; stored name matches more than one NUCC code
individuals,1073590378,1073590378,Pharmacist,not in NPPES; stored name matches more than one NUCC code
individuals,1124005137,1124005137,Podiatrist,not in NPPES; stored name matches more than one NUCC code
individuals,1952370611,1952370611,Podiatrist,not in NPPES; stored name matches more than one NUCC code
individuals,1497705347,1497705347,Psychologist,not in NPPES; stored name matches more than one NUCC code
individuals,1427000801,1427000801,Psychologist,not in NPPES; stored name matches more than one NUCC code
individuals,1114944014,1114944014,Psychologist,not in NPPES; stored name matches more than one NUCC code
individuals,1164441176,1164441176,Psychologist,not in NPPES; stored name matches more than one NUCC code
individuals,1780604439,1780604439,Pharmacist,not in NPPES; stored name matches more than one NUCC code
individuals,1255348538,1255348538,Pharmacist,not in NPPES; stored name matches more than one NUCC code
individuals,1144335969,1144335969,Psychologist,not in NPPES; stored name matches more than one NUCC code
individuals,1760599260,1760599260,Psychologist,not in NPPES; stored name matches more than one NUCC code
individuals,1710094198,1710094198,Podiatrist,not in NPPES; stored name matches more than one NUCC code
individuals,1396857850,1396857850,Podiatrist,not in NPPES; stored name matches more than one NUCC code
individuals,1538263819,1538263819,Podiatrist,not in NPPES; stored name matches more than one NUCC code
individuals,1902904519,1902904519,Pharmacist,not in NPPES; stored name matches more than one NUCC code
individuals,1598862815,1598862815,Psychologist,not in NPPES; stored name matches more than one NUCC code
individuals,1548352784,1548352784,Pharmacist,not in NPPES; stored name matches more than one NUCC code
individuals,1548352354,1548352354,Psychologist,not in NPPES; stored name matches more than one NUCC code
individuals,1952494775,1952494775,Pharmacist,not in NPPES; stored name matches more than one NUCC code
individuals,1093809279,1093809279,Pharmacist,not in NPPES; stored name matches more than one NUCC code
individuals,1467549964,1467549964,Psychologist,not in NPPES; stored name matches more than one NUCC code
individuals,1225127673,1225127673,Podiatrist,not in NPPES; stored name matches more than one NUCC code
individuals,1225118144,1225118144,Psychologist,not in NPPES; stored name matches more than one NUCC code
individuals,1427136100,1427136100,Podiatrist,not in NPPES; stored name matches more than one NUCC code
individuals,1154490324,1154490324,Pharmacist,not in NPPES; stored name matches more than one NUCC code
individuals,1659446516,1659446516,Psychologist,not in NPPES; stored name matches more than one NUCC code
individuals,1255490009,1255490009,Psychologist,not in NPPES; stored name matches more than one NUCC code
individuals,1336209774,1336209774,Psychologist,not in NPPES; stored name matches more than one NUCC code
individuals,1013062546,1013062546,Psychologist,not in NPPES; stored name matches more than one NUCC code
individuals,1154460970,1154460970,Psychologist,not in NPPES; stored name matches more than one NUCC code
individuals,1376684449,1376684449,Podiatrist,not in NPPES; stored name matches more than one NUCC code
individuals,1003944455,1003944455,Pharmacist,not in NPPES; stored name matches more than one NUCC code
individuals,1194849679,1194849679,Pharmacist,not in NPPES; stored name matches more than one NUCC code
individuals,1053431718,1053431718,Psychologist,not in NPPES; stored name matches more than one NUCC code
individuals,1578683769,1578683769,Psychologist,not in NPPES; stored name matches more than one NUCC code
individuals,1891817870,1891817870,Podiatrist,not in NPPES; stored name matches more than one NUCC code
individuals,1871717587,1871717587,Pharmacist,not in NPPES; stored name matches more than one NUCC code
individuals,1548482946,1548482946,Psychologist,not in NPPES; stored name matches more than one NUCC code
individuals,1396958013,1396958013,Psychologist,not in NPPES; stored name matches more than one NUCC code
individuals,1578767927,1578767927,Pharmacist,not in NPPES; stored name matches more than one NUCC code
individuals,1316144827,1316144827,Psychologist,not in NPPES; stored name matches more than one NUCC code
individuals,1083898043,1083898043,Psychologist,not in NPPES; stored name matches more than one NUCC code
individuals,1295912988,1295912988,Psychologist,not in NPPES; stored name matches more than one NUCC code
individuals,1881841617,1881841617,Pharmacist,not in NPPES; stored name matches more than one NUCC code
individuals,1427385301,1427385301,Pharmacist,not in NPPES; stored name matches more than one NUCC code
individuals,1194042796,1194042796,Psychologist,not in NPPES; stored name matches more than one NUCC code
individuals,1356669808,1356669808,Pharmacist,not in NPPES; stored name matches more than one NUCC code
individuals,1669792230,1669792230,Pharmacist,not in NPPES; stored name matches more than one NUCC code
individuals,1477874121,1477874121,Pharmacist,not in NPPES; stored name matches more than one NUCC code
individuals,1558677138,1558677138,Military Hospital,not in NPPES; stored name matches more than one NUCC code
individuals,1639485949,1639485949,Pharmacist,not in NPPES; stored name matches more than one NUCC code
individuals,1144536285,1144536285,Pharmacist,not in NPPES; stored name matches more than one NUCC code
individuals,1114228053,1114228053,Pharmacist,not in NPPES; stored name matches more than one NUCC code
individuals,1568767689,1568767689,Pharmacist,not in NPPES; stored name matches more than one NUCC code
individuals,1518256114,1518256114,Psychologist,not in NPPES; stored name matches more than one NUCC code
individuals,1609167758,1609167758,Pharmacist,not in NPPES; stored name matches more than one NUCC code
individuals,1598058448,1598058448,Pharmacist,not in NPPES; stored name matches more than one NUCC code
individuals,1801175625,1801175625,Pharmacist,not in NPPES; stored name matches more than one NUCC code
individuals,1811279599,1811279599,Pharmacist,not in NPPES; stored name matches more than one NUCC code
individuals,1588948368,1588948368,Pharmacist,not in NPPES; stored name matches more than one NUCC code
individuals,1356625552,1356625552,Pharmacist,not in NPPES; stored name matches more than one NUCC code
individuals,1942587886,1942587886,Pharmacist,not in NPPES; stored name matches more than one NUCC code
individuals,1609153998,1609153998,Pharmacist,not in NPPES; stored name matches more than one NUCC code
individuals,1902173636,1902173636,Pharmacist,not in NPPES; stored name matches more than one NUCC code
individuals,1154691798,1154691798,Psychologist,not in NPPES; stored name matches more than one NUCC code
individuals,1215202833,1215202833,Pharmacist,not in NPPES; stored name matches more than one NUCC code
individuals,1629344775,1629344775,Pharmacist,not in NPPES; stored name matches more than one NUCC code
individuals,1962758425,1962758425,Pharmacist,not in NPPES; stored name matches more than one NUCC code
individuals,1124378674,1124378674,Pharmacist,not in NPPES; stored name matches more than one NUCC code
individuals,1164867065,1164867065,Pharmacist,not in NPPES; stored name matches more than one NUCC code
individuals,1598197519,1598197519,Pharmacist,not in NPPES; stored name matches more than one NUCC code
individuals,1235562497,1235562497,Pharmacist,not in NPPES; stored name matches more than one NUCC code
individuals,1104254770,1104254770,Psychologist,not in NPPES; stored name matches more than one NUCC code
individuals,1255743514,1255743514,Pharmacist,not in NPPES; stored name matches more than one NUCC code
individuals,1881062909,1881062909,Pharmacist,not in NPPES; stored name matches more than one NUCC code
individuals,1871968297,1871968297,Psychologist,not in NPPES; stored name matches more than one NUCC code
individuals,1780049791,1780049791,Pharmacist,not in NPPES; stored name matches more than one NUCC code
individuals,1871048207,1871048207,Pharmacist,not in NPPES; stored name matches more than one NUCC code
individuals,1982156071,1982156071,Clinical Neuropsychologist,not in NPPES; stored name matches more than one NUCC code
individuals,1114467859,1114467859,Pharmacist,not in NPPES; stored name matches more than one NUCC code
individuals,1053845453,1053845453,Psychologist,not in NPPES; stored name matches more than one NUCC code
individuals,1174058481,1174058481,Pharmacist,not in NPPES; stored name matches more than one NUCC code
individuals,1922533702,1922533702,Pharmacist,not in NPPES; stored name matches more than one NUCC code
individuals,1073021887,1073021887,Pharmacist,not in NPPES; stored name matches more than one NUCC code
individuals,1700384138,1700384138,Pharmacist,not in NPPES; stored name matches more than one NUCC code
individuals,1487159661,1487159661,Psychologist,not in NPPES; stored name matches more than one NUCC code
individuals,1174004394,1174004394,Psychologist,not in NPPES; stored name matches more than one NUCC code
individuals,1053974303,1053974303,Pharmacist,not in NPPES; stored name matches more than one NUCC code
individuals,1245841600,1245841600,Pharmacist,not in NPPES; stored name matches more than one NUCC code
individuals,1366019168,1366019168,Psychologist,not in NPPES; stored name matches more than one NUCC code
individuals,1376114165,1376114165,Psychologist,not in NPPES; stored name matches more than one NUCC code
individuals,1770216293,1770216293,Psychologist,not in NPPES; stored name matches more than one NUCC code
individuals,1750081451,1750081451,Psychologist,not in NPPES; stored name matches more than one NUCC code
individuals,1376234823,1376234823,Pharmacist,not in NPPES; stored name matches more than one NUCC code
individuals,1427739291,1427739291,Pharmacist,not in NPPES; stored name matches more than one NUCC code
individuals,1831908334,1831908334,Pharmacist,not in NPPES; stored name matches more than one NUCC code
individuals,1801745682,1801745682,Pharmacist,not in NPPES; stored name matches more than one NUCC code
individuals,1235105891,1235105891,Pharmacist,not in NPPES; stored name matches more than one NUCC code
individuals,1174572630,1174572630,Psychologist,not in NPPES; stored name matches more than one NUCC code
individuals,1245277417,1245277417,Podiatrist,not in NPPES; stored name matches more than one NUCC code
individuals,1669412631,1669412631,Psychologist,not in NPPES; stored name matches more than one NUCC code
individuals,1225072028,1225072028,Podiatrist,not in NPPES; stored name matches more than one NUCC code
individuals,1407885999,1407885999,Psychologist,not in NPPES; stored name matches more than one NUCC code
individuals,1891710422,1891710422,Psychologist,not in NPPES; stored name matches more than one NUCC code
individuals,1689696601,1689696601,Podiatrist,not in NPPES; stored name matches more than one NUCC code
individuals,1982710695,1982710695,Pharmacist,not in NPPES; stored name matches more than one NUCC code
individuals,1720190168,1720190168,Pharmacist,not in NPPES; stored name matches more than one NUCC code
individuals,1962505248,1962505248,Pharmacist,not in NPPES; stored name matches more than one NUCC code
individuals,1548361165,1548361165,Pharmacist,not in NPPES; stored name matches more than one NUCC code
individuals,1366501298,1366501298,Pharmacist,not in NPPES; stored name matches more than one NUCC code
individuals,1063540573,1063540573,Pharmacist,not in NPPES; stored name matches more than one NUCC code
individuals,1528196037,1528196037,Psychologist,not in NPPES; stored name matches more than one NUCC code
individuals,1881726396,1881726396,Pharmacist,not in NPPES; stored name matches more than one NUCC code
individuals,1013119940,1013119940,Pharmacist,not in NPPES; stored name matches more than one NUCC code
individuals,1407034283,1407034283,Pharmacist,not in NPPES; stored name matches more than one NUCC code
individuals,1639357270,1639357270,Pharmacist,not in NPPES; stored name matches more than one NUCC code
individuals,1912162884,1912162884,Pharmacist,not in NPPES; stored name matches more than one NUCC code
individuals,1932365152,1932365152,Pharmacist,not in NPPES; stored name matches more than one NUCC code
individuals,1578794657,1578794657,Pharmacist,not in NPPES; stored name matches more than one NUCC code
individuals,1407185317,1407185317,Pharmacist,not in NPPES; stored name matches more than one NUCC code
individuals,1336479732,1336479732,Pharmacist,not in NPPES; stored name matches more than one NUCC code
individuals,1265737985,1265737985,Pharmacist,not in NPPES; stored name matches more than one NUCC code
individuals,1124319934,1124319934,Pharmacist,not in NPPES; stored name matches more than one NUCC code
individuals,1437439957,1437439957,Pharmacist,not in NPPES; stored name matches more than one NUCC code
individuals,1962784702,1962784702,Pharmacist,not in NPPES; stored name matches more than one NUCC code
individuals,1720357395,1720357395,Pharmacist,not in NPPES; stored name matches more than one NUCC code
individuals,1427328848,1427328848,Pharmacist,not in NPPES; stored name matches more than one NUCC code
individuals,1356614044,1356614044,Pharmacist,not in NPPES; stored name matches more than one NUCC code
individuals,1043574387,1043574387,Psychologist,not in NPPES; stored name matches more than one NUCC code
individuals,1073862538,1073862538,Pharmacist,not in NPPES; stored name matches more than one NUCC code
individuals,1881931582,1881931582,Pharmacist,not in NPPES; stored name matches more than one NUCC code
individuals,1902144371,1902144371,Pharmacist,not in NPPES; stored name matches more than one NUCC code
individuals,1477891562,1477891562,Pharmacist,not in NPPES; stored name matches more than one NUCC code
individuals,1205176195,1205176195,Pharmacist,not in NPPES; stored name matches more than one NUCC code
individuals,1245666171,1245666171,Pharmacist,not in NPPES; stored name matches more than one NUCC code
individuals,1437554862,1437554862,Pharmacist,not in NPPES; stored name matches more than one NUCC code
individuals,1063893550,1063893550,Pharmacist,not in NPPES; stored name matches more than one NUCC code
individuals,1992175491,1992175491,Pharmacist,not in NPPES; stored name matches more than one NUCC code
individuals,1962952994,1962952994,Pharmacist,not in NPPES; stored name matches more than one NUCC code
individuals,1386184687,1386184687,Pharmacist,not in NPPES; stored name matches more than one NUCC code
individuals,1932729795,1932729795,Pharmacist,not in NPPES; stored name matches more than one NUCC code
individuals,1629672951,1629672951,Pharmacist,not in NPPES; stored name matches more than one NUCC code
individuals,1588253421,1588253421,Pharmacist,not in NPPES; stored name matches more than one NUCC code
individuals,1821688599,1821688599,Pharmacist,not in NPPES; stored name matches more than one NUCC code
individuals,1598428435,1598428435,Pharmacist,not in NPPES; stored name matches more than one NUCC code
individuals,1124844550,1124844550,Pharmacist,not in NPPES; stored name matches more than one NUCC code
individuals,1942185004,1942185004,Pharmacist,not in NPPES; stored name matches more than one NUCC code
individuals,1750295556,1750295556,"Social Worker, Clinical",not in NPPES; stored name is not a NUCC display name
individuals,1821902602,1821902602,"Dietetic Technician, Registered",not in NPPES; stored name is not a NUCC display name
individuals,1104737436,1104737436,"Counselor, Professional",not in NPPES; stored name is not a NUCC display name
individuals,1578788212,1578788212,Psychologist,not in NPPES; stored name matches more than one NUCC code
individuals,1417165317,1417165317,Pharmacist,not in NPPES; stored name matches more than one NUCC code
individuals,1811072507,1811072507,Pharmacist,not in NPPES; stored name matches more than one NUCC code
individuals,1639396682,1639396682,Clinical Neuropsychologist,not in NPPES; stored name matches more than one NUCC code
individuals,1568555167,1568555167,Pharmacist,not in NPPES; stored name matches more than one NUCC code
individuals,1649354861,1649354861,Psychologist,not in NPPES; stored name matches more than one NUCC code
individuals,1063590321,1063590321,Pharmacist,not in NPPES; stored name matches more than one NUCC code
individuals,1548332927,1548332927,Pharmacist,not in NPPES; stored name matches more than one NUCC code
individuals,1376616102,1376616102,Pharmacist,not in NPPES; stored name matches more than one NUCC code
individuals,1649329848,1649329848,Pharmacist,not in NPPES; stored name matches more than one NUCC code
individuals,1992925432,1992925432,Pharmacist,not in NPPES; stored name matches more than one NUCC code
individuals,1518121896,1518121896,Pharmacist,not in NPPES; stored name matches more than one NUCC code
individuals,1316295777,1316295777,Pharmacist,not in NPPES; stored name matches more than one NUCC code
individuals,1649686940,1649686940,Pharmacist,not in NPPES; stored name matches more than one NUCC code
individuals,1932703238,1932703238,Pharmacist,not in NPPES; stored name matches more than one NUCC code
individuals,1457317877,1457317877,Psychologist,not in NPPES; stored name matches more than one NUCC code
individuals,1508952417,1508952417,Psychologist,not in NPPES; stored name matches more than one NUCC code
individuals,1477643831,1477643831,Psychologist,not in NPPES; stored name matches more than one NUCC code
individuals,1346464484,1346464484,Pharmacist,not in NPPES; stored name matches more than one NUCC code
individuals,1982001731,1982001731,Pharmacist,not in NPPES; stored name matches more than one NUCC code
individuals,1649838335,1649838335,Pharmacist,not in NPPES; stored name matches more than one NUCC code
individuals,1861097081,1861097081,Pharmacist,not in NPPES; stored name matches more than one NUCC code
individuals,1558359158,1558359158,Psychologist,not in NPPES; stored name matches more than one NUCC code
individuals,1063460038,1063460038,Podiatrist,not in NPPES; stored name matches more than one NUCC code
individuals,1801901970,1801901970,Podiatrist,not in NPPES; stored name matches more than one NUCC code
individuals,1104937853,1104937853,Podiatrist,not in NPPES; stored name matches more than one NUCC code
individuals,1174677678,1174677678,Pharmacist,not in NPPES; stored name matches more than one NUCC code
individuals,1386893923,1386893923,Pharmacist,not in NPPES; stored name matches more than one NUCC code
individuals,1215240288,1215240288,Pharmacist,not in NPPES; stored name matches more than one NUCC code
individuals,1942614326,1942614326,Pharmacist,not in NPPES; stored name matches more than one NUCC code
individuals,1982002135,1982002135,Pharmacist,not in NPPES; stored name matches more than one NUCC code
individuals,1659722734,1659722734,Pharmacist,not in NPPES; stored name matches more than one NUCC code
individuals,1649795493,1649795493,Pharmacist,not in NPPES; stored name matches more than one NUCC code
individuals,1992272348,1992272348,Pharmacist,not in NPPES; stored name matches more than one NUCC code
individuals,1861011314,1861011314,Psychologist,not in NPPES; stored name matches more than one NUCC code
individuals,1194488486,1194488486,Pharmacist,not in NPPES; stored name matches more than one NUCC code
individuals,1922887470,1922887470,Pharmacist,not in NPPES; stored name matches more than one NUCC code
individuals,1780431973,1780431973,Pharmacist,not in NPPES; stored name matches more than one NUCC code
individuals,1518964691,1518964691,Podiatrist,not in NPPES; stored name matches more than one NUCC code
individuals,1477530699,1477530699,Pharmacist,not in NPPES; stored name matches more than one NUCC code
individuals,1578616629,1578616629,Psychologist,not in NPPES; stored name matches more than one NUCC code
individuals,1780903989,1780903989,Pharmacist,not in NPPES; stored name matches more than one NUCC code
individuals,1942689906,1942689906,Pharmacist,not in NPPES; stored name matches more than one NUCC code
individuals,1386679124,1386679124,Podiatrist,not in NPPES; stored name matches more than one NUCC code
individuals,1871644708,1871644708,Podiatrist,not in NPPES; stored name matches more than one NUCC code
individuals,1952542425,1952542425,Pharmacist,not in NPPES; stored name matches more than one NUCC code
individuals,1649579194,1649579194,Pharmacist,not in NPPES; stored name matches more than one NUCC code
individuals,1699762492,1699762492,Pharmacist,not in NPPES; stored name matches more than one NUCC code
individuals,1972741916,1972741916,Pharmacist,not in NPPES; stored name matches more than one NUCC code
individuals,1073822672,1073822672,Pharmacist,not in NPPES; stored name matches more than one NUCC code
individuals,1760556765,1760556765,Podiatrist,not in NPPES; stored name matches more than one NUCC code
individuals,1649324617,1649324617,Psychologist,not in NPPES; stored name matches more than one NUCC code
individuals,1992958292,1992958292,Pharmacist,not in NPPES; stored name matches more than one NUCC code
individuals,1245258813,1245258813,Pharmacist,not in NPPES; stored name matches more than one NUCC code
individuals,1245245117,1245245117,Clinical Neuropsychologist,not in NPPES; stored name matches more than one NUCC code
individuals,1588761720,1588761720,Psychologist,not in NPPES; stored name matches more than one NUCC code
individuals,1821196619,1821196619,Pharmacist,not in NPPES; stored name matches more than one NUCC code
individuals,1306933668,1306933668,Psychologist,not in NPPES; stored name matches more than one NUCC code
individuals,1972674000,1972674000,Psychologist,not in NPPES; stored name matches more than one NUCC code
individuals,1578636932,1578636932,Psychologist,not in NPPES; stored name matches more than one NUCC code
individuals,1184898579,1184898579,Psychologist,not in NPPES; stored name matches more than one NUCC code
individuals,1407130503,1407130503,Pharmacist,not in NPPES; stored name matches more than one NUCC code
individuals,1184990244,1184990244,Pharmacist,not in NPPES; stored name matches more than one NUCC code
individuals,1588001911,1588001911,Pharmacist,not in NPPES; stored name matches more than one NUCC code
individuals,1548644347,1548644347,Psychologist,not in NPPES; stored name matches more than one NUCC code
individuals,1427582394,1427582394,Psychologist,not in NPPES; stored name matches more than one NUCC code
individuals,1386158236,1386158236,Pharmacist,not in NPPES; stored name matches more than one NUCC code
individuals,1750938585,1750938585,Pharmacist,not in NPPES; stored name matches more than one NUCC code
individuals,1982666467,1982666467,Pharmacist,not in NPPES; stored name matches more than one NUCC code
individuals,1124067780,1124067780,Pharmacist,not in NPPES; stored name matches more than one NUCC code
individuals,1720024607,1720024607,Psychologist,not in NPPES; stored name matches more than one NUCC code
individuals,1881759546,1881759546,Pharmacist,not in NPPES; stored name matches more than one NUCC code
individuals,1326103722,1326103722,Pharmacist,not in NPPES; stored name matches more than one NUCC code
individuals,1184772220,1184772220,Pharmacist,not in NPPES; stored name matches more than one NUCC code
individuals,1497896039,1497896039,Psychologist,not in NPPES; stored name matches more than one NUCC code
individuals,1184769085,1184769085,Psychologist,not in NPPES; stored name matches more than one NUCC code
individuals,1700921608,1700921608,Pharmacist,not in NPPES; stored name matches more than one NUCC code
individuals,1497889802,1497889802,Pharmacist,not in NPPES; stored name matches more than one NUCC code
individuals,1205950482,1205950482,Psychologist,not in NPPES; stored name matches more than one NUCC code
individuals,1538284450,1538284450,Pharmacist,not in NPPES; stored name matches more than one NUCC code
individuals,1235461435,1235461435,Pharmacist,not in NPPES; stored name matches more than one NUCC code
individuals,1265718274,1265718274,Pharmacist,not in NPPES; stored name matches more than one NUCC code
individuals,1053787523,1053787523,Pharmacist,not in NPPES; stored name matches more than one NUCC code
individuals,1013420413,1013420413,Podiatrist,not in NPPES; stored name matches more than one NUCC code
individuals,1922508191,1922508191,Pharmacist,not in NPPES; stored name matches more than one NUCC code
individuals,1629532957,1629532957,Pharmacist,not in NPPES; stored name matches more than one NUCC code
individuals,1407450331,1407450331,Pharmacist,not in NPPES; stored name matches more than one NUCC code
individuals,1871198473,1871198473,Pharmacist,not in NPPES; stored name matches more than one NUCC code
individuals,1164011573,1164011573,Pharmacist,not in NPPES; stored name matches more than one NUCC code
individuals,1700479409,1700479409,Pharmacist,not in NPPES; stored name matches more than one NUCC code
individuals,1023737699,1023737699,Pharmacist,not in NPPES; stored name matches more than one NUCC code
individuals,1366431744,1366431744,Psychologist,not in NPPES; stored name matches more than one NUCC code
individuals,1275660615,1275660615,Psychologist,not in NPPES; stored name matches more than one NUCC code
individuals,1184816563,1184816563,Pharmacist,not in NPPES; stored name matches more than one NUCC code
individuals,1578867768,1578867768,Pharmacist,not in NPPES; stored name matches more than one NUCC code
individuals,1689645608,1689645608,Podiatrist,not in NPPES; stored name matches more than one NUCC code
individuals,1336113075,1336113075,Psychologist,not in NPPES; stored name matches more than one NUCC code
individuals,1447298807,1447298807,Pharmacist,not in NPPES; stored name matches more than one NUCC code
individuals,1679664684,1679664684,Psychologist,not in NPPES; stored name matches more than one NUCC code
individuals,1194811976,1194811976,Pharmacist,not in NPPES; stored name matches more than one NUCC code
individuals,1184741233,1184741233,Pharmacist,not in NPPES; stored name matches more than one NUCC code
individuals,1215155775,1215155775,Pharmacist,not in NPPES; stored name matches more than one NUCC code
individuals,1659740777,1659740777,Pharmacist,not in NPPES; stored name matches more than one NUCC code
individuals,1548481021,1548481021,Pharmacist,not in NPPES; stored name matches more than one NUCC code
individuals,1871702365,1871702365,Pharmacist,not in NPPES; stored name matches more than one NUCC code
individuals,1659551810,1659551810,Podiatrist,not in NPPES; stored name matches more than one NUCC code
individuals,1679566285,1679566285,Pharmacist,not in NPPES; stored name matches more than one NUCC code
individuals,1750330668,1750330668,Podiatrist,not in NPPES; stored name matches more than one NUCC code
individuals,1427083567,1427083567,Psychologist,not in NPPES; stored name matches more than one NUCC code
individuals,1881618965,1881618965,Clinical Neuropsychologist,not in NPPES; stored name matches more than one NUCC code
individuals,1568471704,1568471704,Pharmacist,not in NPPES; stored name matches more than one NUCC code
individuals,1508972530,1508972530,Pharmacist,not in NPPES; stored name matches more than one NUCC code
individuals,1699871038,1699871038,Psychologist,not in NPPES; stored name matches more than one NUCC code
individuals,1760561112,1760561112,Pharmacist,not in NPPES; stored name matches more than one NUCC code
individuals,1629149778,1629149778,Pharmacist,not in NPPES; stored name matches more than one NUCC code
individuals,1518033869,1518033869,Clinical Neuropsychologist,not in NPPES; stored name matches more than one NUCC code
individuals,1528102548,1528102548,Pharmacist,not in NPPES; stored name matches more than one NUCC code
individuals,1225153430,1225153430,Pharmacist,not in NPPES; stored name matches more than one NUCC code
individuals,1205059110,1205059110,Podiatrist,not in NPPES; stored name matches more than one NUCC code
individuals,1104024736,1104024736,Pharmacist,not in NPPES; stored name matches more than one NUCC code
individuals,1578869228,1578869228,Pharmacist,not in NPPES; stored name matches more than one NUCC code
individuals,1356649172,1356649172,Pharmacist,not in NPPES; stored name matches more than one NUCC code
individuals,1669753174,1669753174,Pharmacist,not in NPPES; stored name matches more than one NUCC code
individuals,1033494679,1033494679,Pharmacist,not in NPPES; stored name matches more than one NUCC code
individuals,1194000687,1194000687,Pharmacist,not in NPPES; stored name matches more than one NUCC code
individuals,1164709317,1164709317,Pharmacist,not in NPPES; stored name matches more than one NUCC code
individuals,1912278979,1912278979,Pharmacist,not in NPPES; stored name matches more than one NUCC code
individuals,1740628759,1740628759,Pharmacist,not in NPPES; stored name matches more than one NUCC code
individuals,1609262922,1609262922,Pharmacist,not in NPPES; stored name matches more than one NUCC code
individuals,1346690104,1346690104,Pharmacist,not in NPPES; stored name matches more than one NUCC code
individuals,1619557329,1619557329,Pharmacist,not in NPPES; stored name matches more than one NUCC code
individuals,1467556019,1467556019,Podiatrist,not in NPPES; stored name matches more than one NUCC code
individuals,1588759013,1588759013,Psychologist,not in NPPES; stored name matches more than one NUCC code
individuals,1548458813,1548458813,Pharmacist,not in NPPES; stored name matches more than one NUCC code
individuals,1730413659,1730413659,Pharmacist,not in NPPES; stored name matches more than one NUCC code
individuals,1629351010,1629351010,Pharmacist,not in NPPES; stored name matches more than one NUCC code
individuals,1275817066,1275817066,Pharmacist,not in NPPES; stored name matches more than one NUCC code
individuals,1154699908,1154699908,Pharmacist,not in NPPES; stored name matches more than one NUCC code
individuals,1508402116,1508402116,Pharmacist,not in NPPES; stored name matches more than one NUCC code
individuals,1407625908,1407625908,Pharmacist,not in NPPES; stored name matches more than one NUCC code
individuals,1376540104,1376540104,Podiatrist,not in NPPES; stored name matches more than one NUCC code
individuals,1215045315,1215045315,Psychologist,not in NPPES; stored name matches more than one NUCC code
individuals,1861583973,1861583973,Podiatrist,not in NPPES; stored name matches more than one NUCC code
individuals,1174613574,1174613574,Psychologist,not in NPPES; stored name matches more than one NUCC code
individuals,1386712776,1386712776,Pharmacist,not in NPPES; stored name matches more than one NUCC code
individuals,1982758587,1982758587,Psychologist,not in NPPES; stored name matches more than one NUCC code
individuals,1578832655,1578832655,Pharmacist,not in NPPES; stored name matches more than one NUCC code
individuals,1265779433,1265779433,Pharmacist,not in NPPES; stored name matches more than one NUCC code
individuals,1588067094,1588067094,Pharmacist,not in NPPES; stored name matches more than one NUCC code
individuals,1891187415,1891187415,Pharmacist,not in NPPES; stored name matches more than one NUCC code
individuals,1013029693,1013029693,Psychologist,not in NPPES; stored name matches more than one NUCC code
individuals,1013002443,1013002443,Psychologist,not in NPPES; stored name matches more than one NUCC code
individuals,1245317098,1245317098,Pharmacist,not in NPPES; stored name matches more than one NUCC code
individuals,1558651752,1558651752,Pharmacist,not in NPPES; stored name matches more than one NUCC code
individuals,1215227897,1215227897,Pharmacist,not in NPPES; stored name matches more than one NUCC code
individuals,1013500214,1013500214,Pharmacist,not in NPPES; stored name matches more than one NUCC code
individuals,1225837552,1225837552,Pharmacist,not in NPPES; stored name matches more than one NUCC code
individuals,1306958004,1306958004,Psychologist,not in NPPES; stored name matches more than one NUCC code
individuals,1174614747,1174614747,Pharmacist,not in NPPES; stored name matches more than one NUCC code
individuals,1831230820,1831230820,Pharmacist,not in NPPES; stored name matches more than one NUCC code
individuals,1417285560,1417285560,Psychologist,not in NPPES; stored name matches more than one NUCC code
individuals,1487969119,1487969119,Pharmacist,not in NPPES; stored name matches more than one NUCC code
individuals,1437465796,1437465796,Pharmacist,not in NPPES; stored name matches more than one NUCC code
individuals,1093005365,1093005365,Pharmacist,not in NPPES; stored name matches more than one NUCC code
individuals,1386926962,1386926962,Pharmacist,not in NPPES; stored name matches more than one NUCC code
individuals,1669720637,1669720637,Pharmacist,not in NPPES; stored name matches more than one NUCC code
individuals,1336548726,1336548726,Pharmacist,not in NPPES; stored name matches more than one NUCC code
individuals,1215445804,1215445804,Pharmacist,not in NPPES; stored name matches more than one NUCC code
individuals,1912549635,1912549635,Pharmacist,not in NPPES; stored name matches more than one NUCC code
individuals,1023085537,1023085537,Psychologist,not in NPPES; stored name matches more than one NUCC code
individuals,1255389524,1255389524,Pharmacist,not in NPPES; stored name matches more than one NUCC code
individuals,1194779314,1194779314,Psychologist,not in NPPES; stored name matches more than one NUCC code
individuals,1306866389,1306866389,Podiatrist,not in NPPES; stored name matches more than one NUCC code
individuals,1558479717,1558479717,Psychologist,not in NPPES; stored name matches more than one NUCC code
individuals,1043314370,1043314370,Psychologist,not in NPPES; stored name matches more than one NUCC code
individuals,1619034246,1619034246,Psychologist,not in NPPES; stored name matches more than one NUCC code
individuals,1033266671,1033266671,Psychologist,not in NPPES; stored name matches more than one NUCC code
individuals,1760537039,1760537039,Psychologist,not in NPPES; stored name matches more than one NUCC code
individuals,1841335965,1841335965,Psychologist,not in NPPES; stored name matches more than one NUCC code
individuals,1720103922,1720103922,Pharmacist,not in NPPES; stored name matches more than one NUCC code
individuals,1386869568,1386869568,Psychologist,not in NPPES; stored name matches more than one NUCC code
individuals,1336354513,1336354513,Pharmacist,not in NPPES; stored name matches more than one NUCC code
individuals,1801096961,1801096961,Pharmacist,not in NPPES; stored name matches more than one NUCC code
individuals,1194016543,1194016543,Pharmacist,not in NPPES; stored name matches more than one NUCC code
individuals,1952684714,1952684714,Pharmacist,not in NPPES; stored name matches more than one NUCC code
individuals,1760722409,1760722409,Pharmacist,not in NPPES; stored name matches more than one NUCC code
individuals,1205391562,1205391562,Psychologist,not in NPPES; stored name matches more than one NUCC code
individuals,1740268572,1740268572,Pharmacist,not in NPPES; stored name matches more than one NUCC code
individuals,1366481640,1366481640,Psychologist,not in NPPES; stored name matches more than one NUCC code
individuals,1619052818,1619052818,Psychologist,not in NPPES; stored name matches more than one NUCC code
individuals,1417023045,1417023045,Psychologist,not in NPPES; stored name matches more than one NUCC code
individuals,1962566968,1962566968,Pharmacist,not in NPPES; stored name matches more than one NUCC code
individuals,1457487456,1457487456,Pharmacist,not in NPPES; stored name matches more than one NUCC code
individuals,1194840447,1194840447,Psychologist,not in NPPES; stored name matches more than one NUCC code
individuals,1366568149,1366568149,Pharmacist,not in NPPES; stored name matches more than one NUCC code
individuals,1811156342,1811156342,Pharmacist,not in NPPES; stored name matches more than one NUCC code
individuals,1497075857,1497075857,Pharmacist,not in NPPES; stored name matches more than one NUCC code
individuals,1386965747,1386965747,Pharmacist,not in NPPES; stored name matches more than one NUCC code
individuals,1750670519,1750670519,Pharmacist,not in NPPES; stored name matches more than one NUCC code
individuals,1750674354,1750674354,Pharmacist,not in NPPES; stored name matches more than one NUCC code
individuals,1922430131,1922430131,Pharmacist,not in NPPES; stored name matches more than one NUCC code
individuals,1346825429,1346825429,Pharmacist,not in NPPES; stored name matches more than one NUCC code
individuals,1548246150,1548246150,Pharmacist,not in NPPES; stored name matches more than one NUCC code
individuals,1679789465,1679789465,Psychologist,not in NPPES; stored name matches more than one NUCC code
individuals,1922094697,1922094697,Psychologist,not in NPPES; stored name matches more than one NUCC code
individuals,1033192794,1033192794,Psychologist,not in NPPES; stored name matches more than one NUCC code
individuals,1154307098,1154307098,Podiatrist,not in NPPES; stored name matches more than one NUCC code
individuals,1861444796,1861444796,Podiatrist,not in NPPES; stored name matches more than one NUCC code
individuals,1912950163,1912950163,Pharmacist,not in NPPES; stored name matches more than one NUCC code
individuals,1831208404,1831208404,Pharmacist,not in NPPES; stored name matches more than one NUCC code
individuals,1578675823,1578675823,Pharmacist,not in NPPES; stored name matches more than one NUCC code
individuals,1396843975,1396843975,Pharmacist,not in NPPES; stored name matches more than one NUCC code
individuals,1073605028,1073605028,Pharmacist,not in NPPES; stored name matches more than one NUCC code
individuals,1477641702,1477641702,Pharmacist,not in NPPES; stored name matches more than one NUCC code
individuals,1790874576,1790874576,Pharmacist,not in NPPES; stored name matches more than one NUCC code
individuals,1013073121,1013073121,Psychologist,not in NPPES; stored name matches more than one NUCC code
individuals,1528197928,1528197928,Psychologist,not in NPPES; stored name matches more than one NUCC code
individuals,1952434623,1952434623,Psychologist,not in NPPES; stored name matches more than one NUCC code
individuals,1619091634,1619091634,Pharmacist,not in NPPES; stored name matches more than one NUCC code
individuals,1417072182,1417072182,Psychologist,not in NPPES; stored name matches more than one NUCC code
individuals,1093832818,1093832818,Psychologist,not in NPPES; stored name matches more than one NUCC code
individuals,1578750618,1578750618,Pharmacist,not in NPPES; stored name matches more than one NUCC code
individuals,1336375567,1336375567,Pharmacist,not in NPPES; stored name matches more than one NUCC code
individuals,1134443146,1134443146,Pharmacist,not in NPPES; stored name matches more than one NUCC code
individuals,1053625368,1053625368,Pharmacist,not in NPPES; stored name matches more than one NUCC code
individuals,1659670461,1659670461,Podiatrist,not in NPPES; stored name matches more than one NUCC code
individuals,1760771729,1760771729,Pharmacist,not in NPPES; stored name matches more than one NUCC code
individuals,1922475649,1922475649,Pharmacist,not in NPPES; stored name matches more than one NUCC code
individuals,1790159267,1790159267,Pharmacist,not in NPPES; stored name matches more than one NUCC code
individuals,1073970786,1073970786,Psychologist,not in NPPES; stored name matches more than one NUCC code
individuals,1568816346,1568816346,Pharmacist,not in NPPES; stored name matches more than one NUCC code
individuals,1730613829,1730613829,Pharmacist,not in NPPES; stored name matches more than one NUCC code
individuals,1972180594,1972180594,Pharmacist,not in NPPES; stored name matches more than one NUCC code
individuals,1124733738,1124733738,Pharmacist,not in NPPES; stored name matches more than one NUCC code
individuals,1962474072,1962474072,Psychologist,not in NPPES; stored name matches more than one NUCC code
individuals,1003878323,1003878323,Psychologist,not in NPPES; stored name matches more than one NUCC code
individuals,1942266903,1942266903,Pharmacist,not in NPPES; stored name matches more than one NUCC code
individuals,1992898738,1992898738,Pharmacist,not in NPPES; stored name matches more than one NUCC code
individuals,1578643730,1578643730,Psychologist,not in NPPES; stored name matches more than one NUCC code
individuals,1497807721,1497807721,Pharmacist,not in NPPES; stored name matches more than one NUCC code
individuals,1225172513,1225172513,Psychologist,not in NPPES; stored name matches more than one NUCC code
individuals,1922126416,1922126416,Psychologist,not in NPPES; stored name matches more than one NUCC code
individuals,1689813867,1689813867,Pharmacist,not in NPPES; stored name matches more than one NUCC code
individuals,1538476155,1538476155,Psychologist,not in NPPES; stored name matches more than one NUCC code
individuals,1174875165,1174875165,Pharmacist,not in NPPES; stored name matches more than one NUCC code
individuals,1649616103,1649616103,Pharmacist,not in NPPES; stored name matches more than one NUCC code
individuals,1528453586,1528453586,Pharmacist,not in NPPES; stored name matches more than one NUCC code
individuals,1376995936,1376995936,Psychologist,not in NPPES; stored name matches more than one NUCC code
individuals,1205383791,1205383791,Pharmacist,not in NPPES; stored name matches more than one NUCC code
individuals,1487656138,1487656138,Podiatrist,not in NPPES; stored name matches more than one NUCC code
individuals,1730152471,1730152471,Psychologist,not in NPPES; stored name matches more than one NUCC code
individuals,1114996394,1114996394,Clinical Neuropsychologist,not in NPPES; stored name matches more than one NUCC code
individuals,1760427983,1760427983,Psychologist,not in NPPES; stored name matches more than one NUCC code
individuals,1467541961,1467541961,Psychologist,not in NPPES; stored name matches more than one NUCC code
individuals,1013043033,1013043033,Psychologist,not in NPPES; stored name matches more than one NUCC code
individuals,1366565723,1366565723,Psychologist,not in NPPES; stored name matches more than one NUCC code
individuals,1235352063,1235352063,Pharmacist,not in NPPES; stored name matches more than one NUCC code
individuals,1366624165,1366624165,Military Hospital,not in NPPES; stored name matches more than one NUCC code
individuals,1780853291,1780853291,Pharmacist,not in NPPES; stored name matches more than one NUCC code
individuals,1891079935,1891079935,Pharmacist,not in NPPES; stored name matches more than one NUCC code
individuals,1063797660,1063797660,Pharmacist,not in NPPES; stored name matches more than one NUCC code
individuals,1407132525,1407132525,Pharmacist,not in NPPES; stored name matches more than one NUCC code
individuals,1457638488,1457638488,Pharmacist,not in NPPES; stored name matches more than one NUCC code
individuals,1528335023,1528335023,Pharmacist,not in NPPES; stored name matches more than one NUCC code
individuals,1720456114,1720456114,Pharmacist,not in NPPES; stored name matches more than one NUCC code
individuals,1467968511,1467968511,Pharmacist,not in NPPES; stored name matches more than one NUCC code
individuals,1639046899,1639046899,246ZS0400X,NPPES code 246ZS0400X is not in this NUCC release; stored name is not a NUCC display name
individuals,1922406503,1922406503,Pharmacist,not in NPPES; stored name matches more than one NUCC code
individuals,1649841172,1649841172,Pharmacist,not in NPPES; stored name matches more than one NUCC code
individuals,1376698894,1376698894,Psychologist,not in NPPES; stored name matches more than one NUCC code
individuals,1871782664,1871782664,Psychologist,not in NPPES; stored name matches more than one NUCC code
individuals,1912298548,1912298548,Pharmacist,not in NPPES; stored name matches more than one NUCC code
individuals,1053341925,1053341925,Pharmacist,not in NPPES; stored name matches more than one NUCC code
individuals,1962429738,1962429738,Psychologist,not in NPPES; stored name matches more than one NUCC code
individuals,1427135656,1427135656,Pharmacist,not in NPPES; stored name matches more than one NUCC code
individuals,1164638318,1164638318,Pharmacist,not in NPPES; stored name matches more than one NUCC code
individuals,1548802481,1548802481,Pharmacist,not in NPPES; stored name matches more than one NUCC code
individuals,1114518628,1114518628,Pharmacist,not in NPPES; stored name matches more than one NUCC code
individuals,1730189119,1730189119,Pharmacist,not in NPPES; stored name matches more than one NUCC code
individuals,1033168349,1033168349,Podiatrist,not in NPPES; stored name matches more than one NUCC code
individuals,1114948817,1114948817,Clinical Neuropsychologist,not in NPPES; stored name matches more than one NUCC code
individuals,1588775506,1588775506,Psychologist,not in NPPES; stored name matches more than one NUCC code
individuals,1588763577,1588763577,Pharmacist,not in NPPES; stored name matches more than one NUCC code
individuals,1285727149,1285727149,Podiatrist,not in NPPES; stored name matches more than one NUCC code
individuals,1467501593,1467501593,Psychologist,not in NPPES; stored name matches more than one NUCC code
individuals,1912031162,1912031162,Psychologist,not in NPPES; stored name matches more than one NUCC code
individuals,1598885949,1598885949,Pharmacist,not in NPPES; stored name matches more than one NUCC code
individuals,1780802728,1780802728,Psychologist,not in NPPES; stored name matches more than one NUCC code
individuals,1023268562,1023268562,Pharmacist,not in NPPES; stored name matches more than one NUCC code
individuals,1255666509,1255666509,Pharmacist,not in NPPES; stored name matches more than one NUCC code
individuals,1821310012,1821310012,Pharmacist,not in NPPES; stored name matches more than one NUCC code
individuals,1487979399,1487979399,Pharmacist,not in NPPES; stored name matches more than one NUCC code
individuals,1699073213,1699073213,Pharmacist,not in NPPES; stored name matches more than one NUCC code
individuals,1750674206,1750674206,Pharmacist,not in NPPES; stored name matches more than one NUCC code
individuals,1902193626,1902193626,Pharmacist,not in NPPES; stored name matches more than one NUCC code
individuals,1659652055,1659652055,Pharmacist,not in NPPES; stored name matches more than one NUCC code
individuals,1053677864,1053677864,Pharmacist,not in NPPES; stored name matches more than one NUCC code
individuals,1902145428,1902145428,Pharmacist,not in NPPES; stored name matches more than one NUCC code
individuals,1538593728,1538593728,Pharmacist,not in NPPES; stored name matches more than one NUCC code
individuals,1710379029,1710379029,Pharmacist,not in NPPES; stored name matches more than one NUCC code
individuals,1437672664,1437672664,Pharmacist,not in NPPES; stored name matches more than one NUCC code
individuals,1730657461,1730657461,Pharmacist,not in NPPES; stored name matches more than one NUCC code
individuals,1801853536,1801853536,Psychologist,not in NPPES; stored name matches more than one NUCC code
individuals,1033286307,1033286307,Podiatrist,not in NPPES; stored name matches more than one NUCC code
individuals,1922163146,1922163146,Pharmacist,not in NPPES; stored name matches more than one NUCC code
individuals,1144552332,1144552332,Pharmacist,not in NPPES; stored name matches more than one NUCC code
individuals,1073803714,1073803714,Pharmacist,not in NPPES; stored name matches more than one NUCC code
individuals,1093140915,1093140915,Pharmacist,not in NPPES; stored name matches more than one NUCC code
individuals,1174030365,1174030365,Pharmacist,not in NPPES; stored name matches more than one NUCC code
individuals,1619578242,1619578242,Pharmacist,not in NPPES; stored name matches more than one NUCC code
individuals,1417801002,1417801002,246ZS0400X,NPPES code 246ZS0400X is not in this NUCC release; stored name is not a NUCC display name
individuals,1962536532,1962536532,Pharmacist,not in NPPES; stored name matches more than one NUCC code
individuals,1982924270,1982924270,Pharmacist,not in NPPES; stored name matches more than one NUCC code
individuals,1598234239,1598234239,Psychologist,not in NPPES; stored name matches more than one NUCC code
individuals,1285625871,1285625871,Pharmacist,not in NPPES; stored name matches more than one NUCC code
individuals,1548205099,1548205099,Pharmacist,not in NPPES; stored name matches more than one NUCC code
individuals,1548474513,1548474513,Pharmacist,not in NPPES; stored name matches more than one NUCC code
individuals,1902893761,1902893761,Clinical Neuropsychologist,not in NPPES; stored name matches more than one NUCC code
individuals,1316916554,1316916554,Psychologist,not in NPPES; stored name matches more than one NUCC code
individuals,1659339463,1659339463,Psychologist,not in NPPES; stored name matches more than one NUCC code
individuals,1194943126,1194943126,Pharmacist,not in NPPES; stored name matches more than one NUCC code
individuals,1538387386,1538387386,Pharmacist,not in NPPES; stored name matches more than one NUCC code
individuals,1609088483,1609088483,Pharmacist,not in NPPES; stored name matches more than one NUCC code
individuals,1659686079,1659686079,Pharmacist,not in NPPES; stored name matches more than one NUCC code
individuals,1184628018,1184628018,Podiatrist,not in NPPES; stored name matches more than one NUCC code
individuals,1891785598,1891785598,Podiatrist,not in NPPES; stored name matches more than one NUCC code
individuals,1073576633,1073576633,Podiatrist,not in NPPES; stored name matches more than one NUCC code
individuals,1023020567,1023020567,Psychologist,not in NPPES; stored name matches more than one NUCC code
individuals,1821184631,1821184631,Pharmacist,not in NPPES; stored name matches more than one NUCC code
individuals,1497833321,1497833321,Psychologist,not in NPPES; stored name matches more than one NUCC code
individuals,1447320973,1447320973,Pharmacist,not in NPPES; stored name matches more than one NUCC code
individuals,1851451363,1851451363,Psychologist,not in NPPES; stored name matches more than one NUCC code
individuals,1669520771,1669520771,Psychologist,not in NPPES; stored name matches more than one NUCC code
individuals,1104960509,1104960509,Psychologist,not in NPPES; stored name matches more than one NUCC code
individuals,1578693685,1578693685,Pharmacist,not in NPPES; stored name matches more than one NUCC code
individuals,1255463790,1255463790,Pharmacist,not in NPPES; stored name matches more than one NUCC code
individuals,1912021064,1912021064,Psychologist,not in NPPES; stored name matches more than one NUCC code
individuals,1497962328,1497962328,Pharmacist,not in NPPES; stored name matches more than one NUCC code
individuals,1134398522,1134398522,Pharmacist,not in NPPES; stored name matches more than one NUCC code
individuals,1457599896,1457599896,Pharmacist,not in NPPES; stored name matches more than one NUCC code
individuals,1740518216,1740518216,Pharmacist,not in NPPES; stored name matches more than one NUCC code
individuals,1093036402,1093036402,Pharmacist,not in NPPES; stored name matches more than one NUCC code
individuals,1598086795,1598086795,Pharmacist,not in NPPES; stored name matches more than one NUCC code
individuals,1982918173,1982918173,Pharmacist,not in NPPES; stored name matches more than one NUCC code
individuals,1144535188,1144535188,Pharmacist,not in NPPES; stored name matches more than one NUCC code
individuals,1003192469,1003192469,Pharmacist,not in NPPES; stored name matches more than one NUCC code
individuals,1407117690,1407117690,Pharmacist,not in NPPES; stored name matches more than one NUCC code
individuals,1174035281,1174035281,Pharmacist,not in NPPES; stored name matches more than one NUCC code
individuals,1558957498,1558957498,Pharmacist,not in NPPES; stored name matches more than one NUCC code
individuals,1437742350,1437742350,Pharmacist,not in NPPES; stored name matches more than one NUCC code
individuals,1184734907,1184734907,Pharmacist,not in NPPES; stored name matches more than one NUCC code
individuals,1912073446,1912073446,Psychologist,not in NPPES; stored name matches more than one NUCC code
individuals,1225271117,1225271117,Clinical Neuropsychologist,not in NPPES; stored name matches more than one NUCC code
individuals,1780816983,1780816983,Pharmacist,not in NPPES; stored name matches more than one NUCC code
individuals,1053628453,1053628453,Pharmacist,not in NPPES; stored name matches more than one NUCC code
individuals,1700208675,1700208675,Pharmacist,not in NPPES; stored name matches more than one NUCC code
individuals,1689627804,1689627804,Psychologist,not in NPPES; stored name matches more than one NUCC code
individuals,1669579215,1669579215,Pharmacist,not in NPPES; stored name matches more than one NUCC code
individuals,1427122985,1427122985,Pharmacist,not in NPPES; stored name matches more than one NUCC code
individuals,1679763981,1679763981,Pharmacist,not in NPPES; stored name matches more than one NUCC code
individuals,1003116500,1003116500,Pharmacist,not in NPPES; stored name matches more than one NUCC code
individuals,1457636763,1457636763,Pharmacist,not in NPPES; stored name matches more than one NUCC code
individuals,1982227880,1982227880,Pharmacist,not in NPPES; stored name matches more than one NUCC code
individuals,1003817719,1003817719,Podiatrist,not in NPPES; stored name matches more than one NUCC code
individuals,1437147519,1437147519,Pharmacist,not in NPPES; stored name matches more than one NUCC code
individuals,1902868219,1902868219,Psychologist,not in NPPES; stored name matches more than one NUCC code
individuals,1922061464,1922061464,Podiatrist,not in NPPES; stored name matches more than one NUCC code
individuals,1891733655,1891733655,Psychologist,not in NPPES; stored name matches more than one NUCC code
individuals,1073552105,1073552105,Podiatrist,not in NPPES; stored name matches more than one NUCC code
individuals,1699781781,1699781781,Psychologist,not in NPPES; stored name matches more than one NUCC code
individuals,1821195462,1821195462,Pharmacist,not in NPPES; stored name matches more than one NUCC code
individuals,1174610257,1174610257,Clinical Neuropsychologist,not in NPPES; stored name matches more than one NUCC code
individuals,1164591491,1164591491,Psychologist,not in NPPES; stored name matches more than one NUCC code
individuals,1871663526,1871663526,Pharmacist,not in NPPES; stored name matches more than one NUCC code
individuals,1669544045,1669544045,Pharmacist,not in NPPES; stored name matches more than one NUCC code
individuals,1508931049,1508931049,Podiatrist,not in NPPES; stored name matches more than one NUCC code
individuals,1699842815,1699842815,Pharmacist,not in NPPES; stored name matches more than one NUCC code
individuals,1548321110,1548321110,Pharmacist,not in NPPES; stored name matches more than one NUCC code
individuals,1649332024,1649332024,Psychologist,not in NPPES; stored name matches more than one NUCC code
individuals,1174685978,1174685978,Podiatrist,not in NPPES; stored name matches more than one NUCC code
individuals,1821152018,1821152018,Psychologist,not in NPPES; stored name matches more than one NUCC code
individuals,1578612115,1578612115,Pharmacist,not in NPPES; stored name matches more than one NUCC code
individuals,1629129986,1629129986,Podiatrist,not in NPPES; stored name matches more than one NUCC code
individuals,1104970672,1104970672,Psychologist,not in NPPES; stored name matches more than one NUCC code
individuals,1598805442,1598805442,Psychologist,not in NPPES; stored name matches more than one NUCC code
individuals,1275673063,1275673063,Clinical Neuropsychologist,not in NPPES; stored name matches more than one NUCC code
individuals,1033247556,1033247556,Pharmacist,not in NPPES; stored name matches more than one NUCC code
individuals,1952431819,1952431819,Psychologist,not in NPPES; stored name matches more than one NUCC code
individuals,1578694782,1578694782,Psychologist,not in NPPES; stored name matches more than one NUCC code
individuals,1346368438,1346368438,Psychologist,not in NPPES; stored name matches more than one NUCC code
individuals,1689794646,1689794646,Pharmacist,not in NPPES; stored name matches more than one NUCC code
individuals,1285850966,1285850966,Psychologist,not in NPPES; stored name matches more than one NUCC code
individuals,1497960694,1497960694,Psychologist,not in NPPES; stored name matches more than one NUCC code
individuals,1407064942,1407064942,Psychologist,not in NPPES; stored name matches more than one NUCC code
individuals,1760692495,1760692495,Psychologist,not in NPPES; stored name matches more than one NUCC code
individuals,1497954721,1497954721,Psychologist,not in NPPES; stored name matches more than one NUCC code
individuals,1851587828,1851587828,Psychologist,not in NPPES; stored name matches more than one NUCC code
individuals,1861671646,1861671646,Pharmacist,not in NPPES; stored name matches more than one NUCC code
individuals,1538348974,1538348974,Pharmacist,not in NPPES; stored name matches more than one NUCC code
individuals,1497935597,1497935597,Pharmacist,not in NPPES; stored name matches more than one NUCC code
individuals,1245411370,1245411370,Pharmacist,not in NPPES; stored name matches more than one NUCC code
individuals,1124201314,1124201314,Pharmacist,not in NPPES; stored name matches more than one NUCC code
individuals,1558547059,1558547059,Pharmacist,not in NPPES; stored name matches more than one NUCC code
individuals,1114103157,1114103157,Psychologist,not in NPPES; stored name matches more than one NUCC code
individuals,1992982367,1992982367,Pharmacist,not in NPPES; stored name matches more than one NUCC code
individuals,1164600862,1164600862,Pharmacist,not in NPPES; stored name matches more than one NUCC code
individuals,1144408535,1144408535,Pharmacist,not in NPPES; stored name matches more than one NUCC code
individuals,1366610966,1366610966,Pharmacist,not in NPPES; stored name matches more than one NUCC code
individuals,1003084575,1003084575,Pharmacist,not in NPPES; stored name matches more than one NUCC code
individuals,1699943084,1699943084,Pharmacist,not in NPPES; stored name matches more than one NUCC code
individuals,1720256076,1720256076,Pharmacist,not in NPPES; stored name matches more than one NUCC code
individuals,1326218256,1326218256,Psychologist,not in NPPES; stored name matches more than one NUCC code
individuals,1356514806,1356514806,Pharmacist,not in NPPES; stored name matches more than one NUCC code
individuals,1851564736,1851564736,Pharmacist,not in NPPES; stored name matches more than one NUCC code
individuals,1992979140,1992979140,Pharmacist,not in NPPES; stored name matches more than one NUCC code
individuals,1225203045,1225203045,Pharmacist,not in NPPES; stored name matches more than one NUCC code
individuals,1972779981,1972779981,Pharmacist,not in NPPES; stored name matches more than one NUCC code
individuals,1548422413,1548422413,Pharmacist,not in NPPES; stored name matches more than one NUCC code
individuals,1841425931,1841425931,Pharmacist,not in NPPES; stored name matches more than one NUCC code
individuals,1437385176,1437385176,Psychologist,not in NPPES; stored name matches more than one NUCC code
individuals,1215269261,1215269261,Pharmacist,not in NPPES; stored name matches more than one NUCC code
individuals,1699007849,1699007849,Pharmacist,not in NPPES; stored name matches more than one NUCC code
individuals,1245552926,1245552926,Pharmacist,not in NPPES; stored name matches more than one NUCC code
individuals,1740502236,1740502236,Pharmacist,not in NPPES; stored name matches more than one NUCC code
individuals,1619299955,1619299955,Pharmacist,not in NPPES; stored name matches more than one NUCC code
individuals,1255653549,1255653549,Pharmacist,not in NPPES; stored name matches more than one NUCC code
individuals,1619299922,1619299922,Pharmacist,not in NPPES; stored name matches more than one NUCC code
individuals,1225351232,1225351232,Pharmacist,not in NPPES; stored name matches more than one NUCC code
individuals,1265755862,1265755862,Pharmacist,not in NPPES; stored name matches more than one NUCC code
individuals,1659694164,1659694164,Pharmacist,not in NPPES; stored name matches more than one NUCC code
individuals,1508189085,1508189085,Pharmacist,not in NPPES; stored name matches more than one NUCC code
individuals,1679896047,1679896047,Pharmacist,not in NPPES; stored name matches more than one NUCC code
individuals,1053634402,1053634402,Psychologist,not in NPPES; stored name matches more than one NUCC code
individuals,1073837324,1073837324,Pharmacist,not in NPPES; stored name matches more than one NUCC code
individuals,1306160411,1306160411,Pharmacist,not in NPPES; stored name matches more than one NUCC code
individuals,1902120017,1902120017,Pharmacist,not in NPPES; stored name matches more than one NUCC code
individuals,1902120660,1902120660,Pharmacist,not in NPPES; stored name matches more than one NUCC code
individuals,1588988026,1588988026,Pharmacist,not in NPPES; stored name matches more than one NUCC code
individuals,1558686089,1558686089,Pharmacist,not in NPPES; stored name matches more than one NUCC code
individuals,1073838215,1073838215,Pharmacist,not in NPPES; stored name matches more than one NUCC code
individuals,1376855379,1376855379,Pharmacist,not in NPPES; stored name matches more than one NUCC code
individuals,1427358084,1427358084,Pharmacist,not in NPPES; stored name matches more than one NUCC code
individuals,1841582939,1841582939,Pharmacist,not in NPPES; stored name matches more than one NUCC code
individuals,1972898682,1972898682,Pharmacist,not in NPPES; stored name matches more than one NUCC code
individuals,1205111523,1205111523,Pharmacist,not in NPPES; stored name matches more than one NUCC code
individuals,1578849899,1578849899,Psychologist,not in NPPES; stored name matches more than one NUCC code
individuals,1710255757,1710255757,Pharmacist,not in NPPES; stored name matches more than one NUCC code
individuals,1598029191,1598029191,Psychologist,not in NPPES; stored name matches more than one NUCC code
individuals,1083968069,1083968069,Psychologist,not in NPPES; stored name matches more than one NUCC code
individuals,1134468358,1134468358,Psychologist,not in NPPES; stored name matches more than one NUCC code
individuals,1275946865,1275946865,Pharmacist,not in NPPES; stored name matches more than one NUCC code
individuals,1841689114,1841689114,Psychologist,not in NPPES; stored name matches more than one NUCC code
individuals,1871985838,1871985838,Pharmacist,not in NPPES; stored name matches more than one NUCC code
individuals,1013372200,1013372200,Pharmacist,not in NPPES; stored name matches more than one NUCC code
individuals,1144674367,1144674367,Pharmacist,not in NPPES; stored name matches more than one NUCC code
individuals,1588196562,1588196562,Pharmacist,not in NPPES; stored name matches more than one NUCC code
individuals,1619489507,1619489507,Psychologist,not in NPPES; stored name matches more than one NUCC code
individuals,1265085294,1265085294,Pharmacist,not in NPPES; stored name matches more than one NUCC code
individuals,1124677083,1124677083,Pharmacist,not in NPPES; stored name matches more than one NUCC code
individuals,1487276937,1487276937,Pharmacist,not in NPPES; stored name matches more than one NUCC code
individuals,1326659988,1326659988,Psychologist,not in NPPES; stored name matches more than one NUCC code
individuals,1073116331,1073116331,Pharmacist,not in NPPES; stored name matches more than one NUCC code
individuals,1376413690,1376413690,Pharmacist,not in NPPES; stored name matches more than one NUCC code
individuals,1063423994,1063423994,Clinical Neuropsychologist,not in NPPES; stored name matches more than one NUCC code
individuals,1649361403,1649361403,Pharmacist,not in NPPES; stored name matches more than one NUCC code
individuals,1073605853,1073605853,Pharmacist,not in NPPES; stored name matches more than one NUCC code
individuals,1841386679,1841386679,Psychologist,not in NPPES; stored name matches more than one NUCC code
individuals,1578605168,1578605168,Pharmacist,not in NPPES; stored name matches more than one NUCC code
individuals,1295951549,1295951549,Pharmacist,not in NPPES; stored name matches more than one NUCC code
individuals,1104098284,1104098284,Pharmacist,not in NPPES; stored name matches more than one NUCC code
individuals,1821327057,1821327057,Pharmacist,not in NPPES; stored name matches more than one NUCC code
individuals,1568987303,1568987303,Pharmacist,not in NPPES; stored name matches more than one NUCC code
individuals,1548345713,1548345713,Psychologist,not in NPPES; stored name matches more than one NUCC code
individuals,1740348697,1740348697,Psychologist,not in NPPES; stored name matches more than one NUCC code
individuals,1578621116,1578621116,Pharmacist,not in NPPES; stored name matches more than one NUCC code
individuals,1902095359,1902095359,Pharmacist,not in NPPES; stored name matches more than one NUCC code
individuals,1528238425,1528238425,Psychologist,not in NPPES; stored name matches more than one NUCC code
individuals,1518117936,1518117936,Pharmacist,not in NPPES; stored name matches more than one NUCC code
individuals,1386935443,1386935443,Pharmacist,not in NPPES; stored name matches more than one NUCC code
individuals,1548910169,1548910169,Pharmacist,not in NPPES; stored name matches more than one NUCC code
individuals,1063447233,1063447233,Pharmacist,not in NPPES; stored name matches more than one NUCC code
individuals,1114072287,1114072287,Pharmacist,not in NPPES; stored name matches more than one NUCC code
individuals,1710026927,1710026927,Pharmacist,not in NPPES; stored name matches more than one NUCC code
individuals,1881736270,1881736270,Pharmacist,not in NPPES; stored name matches more than one NUCC code
individuals,1083824650,1083824650,Psychologist,not in NPPES; stored name matches more than one NUCC code
individuals,1235492729,1235492729,Psychologist,not in NPPES; stored name matches more than one NUCC code
individuals,1831443829,1831443829,Pharmacist,not in NPPES; stored name matches more than one NUCC code
individuals,1255028965,1255028965,Pharmacist,not in NPPES; stored name matches more than one NUCC code
secondary,3e5a2b2a-1722-4414-b48f-56ed2ac3ae1b,1518033869,Clinical Neuropsychologist,not in NPPES; stored name matches more than one NUCC code
secondary,fd448217-be37-4ac0-af61-2f30e13cf331,1346825429,Pharmacist,not in NPPES; stored name matches more than one NUCC code
secondary,c65743e1-28ba-456e-aa95-1dbfb2286ac9,1740079888,Podiatrist,not in NPPES; stored name matches more than one NUCC code
secondary,79507c5d-a87c-4543-9da0-dd986d504f07,1376995936,Psychologist,not in NPPES; stored name matches more than one NUCC code
secondary,15ea2a6a-a624-45b1-83db-a192249f57fe,1104098284,Pharmacist,not in NPPES; stored name matches more than one NUCC code
secondary,25512ba4-43a8-46e6-a321-1c6ace945d08,1326607466,Psychologist,not in NPPES; stored name matches more than one NUCC code
secondary,fef1c19b-5543-49ec-8150-d0b67ef79a93,1497909634,Psychologist,not in NPPES; stored name matches more than one NUCC code
secondary,e15dd7c4-6483-400f-8347-1ea55e9c195d,1497909634,Psychologist,not in NPPES; stored name matches more than one NUCC code
secondary,8e2eb8e8-ef24-436f-b0e5-fd7a2feb10aa,1497909634,Psychologist,not in NPPES; stored name matches more than one NUCC code
secondary,974dd0c1-f728-4558-b800-7bcc5de6ebef,1093826927,Psychologist,not in NPPES; stored name matches more than one NUCC code
secondary,e0efddd0-3979-42b1-bdf3-7eeb8b72bd1c,1689834186,Psychologist,not in NPPES; stored name matches more than one NUCC code
secondary,0a33a437-c552-4e30-8d38-e42c850f0566,1598951709,Pharmacist,not in NPPES; stored name matches more than one NUCC code
secondary,ce024b58-19c7-4728-b8a5-4d7c5c489db3,1144335969,Psychologist,not in NPPES; stored name matches more than one NUCC code
secondary,6f8592d9-0243-4a3e-84f9-b9bd2bdcbf78,1871968297,Psychologist,not in NPPES; stored name matches more than one NUCC code
secondary,2f283c06-7dd0-4034-b1dd-aa280d52f48e,1871968297,Psychologist,not in NPPES; stored name matches more than one NUCC code
secondary,80eb5272-f346-4354-93f4-09df9c236ac4,1366019168,Psychologist,not in NPPES; stored name matches more than one NUCC code
