nucc_code,show_on_map,patient_specialties,note
193200000X,,Primary care / family doctor, (a multi-specialty group NPI; primary care is the usual front door)
193400000X,,Other health services, (the code does not say which specialty)
207K00000X,,Allergy & immunology,
207KA0200X,,Allergy & immunology,
207KI0005X,,Allergy & immunology,
207L00000X,,Hospital-based clinicians,
207LA0401X,,Mental health & counseling,
207LC0200X,,Hospital-based clinicians,
207LH0002X,,Hospice & palliative care,
207LP2900X,,Pain management,
207LP3000X,,Hospital-based clinicians;Pediatrics (children),
207LP4000X,,Nutrition & dietitian,
208U00000X,,Pharmacy, (physicians who study drug effects; rarely patient-facing)
208C00000X,,Digestive / gastroenterology;General surgery,
207N00000X,,Skin / dermatology,
207NI0002X,,Skin / dermatology,
207ND0900X,,Skin / dermatology;Imaging & lab,
207ND0101X,,Skin / dermatology,
207NP0225X,,Skin / dermatology;Pediatrics (children),
207NS0135X,,Skin / dermatology,
204R00000X,,Brain & nerves / neurology,
207P00000X,,Urgent care & emergency,
207PE0004X,,Urgent care & emergency,
207PH0002X,,Hospice & palliative care,
207PT0002X,,Urgent care & emergency,
207PP0204X,,Urgent care & emergency;Pediatrics (children),
207PS0010X,,Orthopedics & sports injury;Urgent care & emergency,
207PE0005X,,Urgent care & emergency," (hyperbaric oxygen, often wound care)"
207Q00000X,,Primary care / family doctor,
207QA0401X,,Primary care / family doctor;Mental health & counseling,
207QA0000X,,Primary care / family doctor;Pediatrics (children),
207QA0505X,,Primary care / family doctor,
207QD0401X,,Primary care / family doctor;Diabetes & hormones,
207QG0300X,,Primary care / family doctor,
207QH0002X,,Hospice & palliative care,
207QB0002X,,Primary care / family doctor;Nutrition & dietitian,
207QP0002X,,Nutrition & dietitian;Primary care / family doctor,
207QS1201X,,"Lung, breathing & sleep",
207QS0010X,,Orthopedics & sports injury;Primary care / family doctor,
208D00000X,,Primary care / family doctor,
208M00000X,,Hospital-based clinicians,
202C00000X,,Other health services," (performs exams for insurers and courts, not care)"
202D00000X,,"Primary care / family doctor;Acupuncture, massage & naturopathy",
207R00000X,,Primary care / family doctor,
207RA0401X,,Mental health & counseling,
207RA0000X,,Primary care / family doctor;Pediatrics (children),
207RA0002X,,Heart / cardiology,
207RA0001X,,Heart / cardiology,
207RA0201X,,Allergy & immunology,
207RC0000X,,Heart / cardiology,
207RI0001X,,Allergy & immunology,
207RC0001X,,Heart / cardiology,
207RC0200X,,Hospital-based clinicians,
207QB0505X,,Diabetes & hormones,
207RE0101X,,Diabetes & hormones,
207RG0100X,,Digestive / gastroenterology,
207RG0300X,,Primary care / family doctor,
207RH0000X,,Cancer care / oncology,
207RH0003X,,Cancer care / oncology,
207RI0008X,,Digestive / gastroenterology,
207RH0002X,,Hospice & palliative care,
207RH0005X,,Heart / cardiology,
207RI0200X,,Infectious disease,
207RI0011X,,Heart / cardiology,
207RM1200X,,Imaging & lab,
207RX0202X,,Cancer care / oncology,
207RN0300X,,Kidney / nephrology,
207RB0002X,,Primary care / family doctor;Nutrition & dietitian,
207RP1002X,,Nutrition & dietitian,
207RP1001X,,"Lung, breathing & sleep",
207RR0500X,,Arthritis / rheumatology,
207RS0012X,,"Lung, breathing & sleep",
207RS0010X,,Orthopedics & sports injury,
207RT0003X,,Digestive / gastroenterology,
209800000X,,Other health services," (medico-legal work, not care)"
207SG0202X,,Genetics & genetic counseling,
207SC0300X,,Genetics & genetic counseling,
207SG0201X,,Genetics & genetic counseling,
207SG0203X,,Genetics & genetic counseling,
207SG0207X,,Genetics & genetic counseling,
207SM0001X,,Genetics & genetic counseling;Imaging & lab,
207SG0205X,,Genetics & genetic counseling,
207T00000X,,Brain & nerves / neurology,
204D00000X,,Orthopedics & sports injury;Pain management, (osteopathic manipulation for musculoskeletal pain)
204C00000X,,Orthopedics & sports injury,
207U00000X,,Imaging & lab,
207UN0903X,,Imaging & lab,
207UN0901X,,Imaging & lab;Heart / cardiology,
207UN0902X,,Imaging & lab,
207V00000X,,Women's health / OB-GYN,
207VC0300X,,Women's health / OB-GYN,
207VC0200X,,Women's health / OB-GYN;Hospital-based clinicians,
207VF0040X,,Women's health / OB-GYN;Urology,
207VX0201X,,Women's health / OB-GYN;Cancer care / oncology,
207VG0400X,,Women's health / OB-GYN,
207VH0002X,,Hospice & palliative care,
207VM0101X,,Women's health / OB-GYN,
207VB0002X,,Women's health / OB-GYN;Nutrition & dietitian,
207VX0000X,,Women's health / OB-GYN,
207VE0102X,,Women's health / OB-GYN,
207W00000X,,Eye care,
207WX0120X,,Eye care,
207WX0009X,,Eye care,
207WX0109X,,Eye care,
207WX0200X,,Eye care;Plastic & reconstructive surgery,
207WX0110X,,Eye care;Pediatrics (children),
207WX0107X,,Eye care,
207WX0108X,,Eye care,
204E00000X,,Dental,
207X00000X,,Orthopedics & sports injury,
207XS0114X,,Orthopedics & sports injury,
207XX0004X,,Orthopedics & sports injury;Foot & ankle / podiatry,
207XS0106X,,Orthopedics & sports injury,
207XS0117X,,Orthopedics & sports injury,
207XX0801X,,Orthopedics & sports injury,
207XP3100X,,Orthopedics & sports injury;Pediatrics (children),
207XX0005X,,Orthopedics & sports injury,
207Y00000X,,"Ear, nose & throat",
207YS0123X,,"Ear, nose & throat;Plastic & reconstructive surgery",
207YX0602X,,"Ear, nose & throat;Allergy & immunology",
207YX0905X,,"Ear, nose & throat;Plastic & reconstructive surgery",
207YX0901X,,"Ear, nose & throat;Hearing & audiology",
207YP0228X,,"Ear, nose & throat;Pediatrics (children)",
207YX0007X,,"Ear, nose & throat;Plastic & reconstructive surgery",
207YS0012X,,"Ear, nose & throat;Lung, breathing & sleep",
208VP0014X,,Pain management,
208VP0000X,,Pain management,
207ZP0101X,,Imaging & lab,
207ZP0102X,,Imaging & lab,
207ZB0001X,,Imaging & lab,
207ZP0104X,,Imaging & lab,
207ZC0008X,,Other health services,
207ZC0006X,,Imaging & lab,
207ZP0105X,,Imaging & lab,
207ZC0500X,,Imaging & lab,
207ZD0900X,,Imaging & lab,
207ZF0201X,,Other health services,
207ZH0000X,,Imaging & lab,
207ZI0100X,,Imaging & lab,
207ZM0300X,,Imaging & lab,
207ZP0007X,,Imaging & lab,
207ZN0500X,,Imaging & lab,
207ZP0213X,,Imaging & lab,
208000000X,,Pediatrics (children);Primary care / family doctor,
2080A0000X,,Pediatrics (children);Primary care / family doctor,
2080C0008X,,Pediatrics (children),
2080I0007X,,Pediatrics (children);Allergy & immunology,
2080P0006X,,Pediatrics (children);Mental health & counseling,
2080H0002X,,Pediatrics (children);Hospice & palliative care,
2080T0002X,,Pediatrics (children);Urgent care & emergency,
2080N0001X,,Pediatrics (children);Hospital-based clinicians,
2080P0008X,,Pediatrics (children);Brain & nerves / neurology,
2080B0002X,,Pediatrics (children);Nutrition & dietitian,
2080P0201X,,Pediatrics (children);Allergy & immunology,
2080P0202X,,Pediatrics (children);Heart / cardiology,
2080P0203X,,Pediatrics (children);Hospital-based clinicians,
2080P0204X,,Pediatrics (children);Urgent care & emergency,
2080P0205X,,Pediatrics (children);Diabetes & hormones,
2080P0206X,,Pediatrics (children);Digestive / gastroenterology,
2080P0207X,,Pediatrics (children);Cancer care / oncology,
2080P0208X,,Pediatrics (children);Infectious disease,
2080P0210X,,Pediatrics (children);Kidney / nephrology,
2080P0214X,,"Pediatrics (children);Lung, breathing & sleep",
2080P0216X,,Pediatrics (children);Arthritis / rheumatology,
2080T0004X,,Pediatrics (children);Digestive / gastroenterology,
2080P1004X,,Pediatrics (children);Nutrition & dietitian,
2080S0012X,,"Pediatrics (children);Lung, breathing & sleep",
2080S0010X,,Pediatrics (children);Orthopedics & sports injury,
202K00000X,,General surgery;Heart / cardiology, (vein specialists)
208100000X,,Physical & occupational therapy,
2081P0301X,,Physical & occupational therapy;Brain & nerves / neurology,
2081H0002X,,Hospice & palliative care,
2081N0008X,,Physical & occupational therapy;Brain & nerves / neurology,
2081P2900X,,Pain management;Physical & occupational therapy,
2081P0010X,,Physical & occupational therapy;Pediatrics (children),
2081P0004X,,Physical & occupational therapy;Brain & nerves / neurology,
2081S0010X,,Orthopedics & sports injury;Physical & occupational therapy,
208200000X,,Plastic & reconstructive surgery,
2082S0099X,,Plastic & reconstructive surgery,
2082S0105X,,Plastic & reconstructive surgery;Orthopedics & sports injury,
2083A0300X,,Mental health & counseling,
2083A0100X,,Other health services, (pilots and astronauts)
2083C0008X,,Other health services,
2083T0002X,,Urgent care & emergency,
2083B0002X,,Primary care / family doctor;Nutrition & dietitian,
2083X0100X,,Primary care / family doctor, (work injuries and employment physicals)
2083P0500X,,Primary care / family doctor,
2083P0901X,,Primary care / family doctor,
2083S0010X,,Orthopedics & sports injury,
2083P0011X,,Urgent care & emergency," (hyperbaric oxygen, often wound care)"
2084A0401X,,Mental health & counseling,
2084P0802X,,Mental health & counseling,
2084B0040X,,Brain & nerves / neurology;Mental health & counseling,
2084P0301X,,Brain & nerves / neurology,
2084P0804X,,Mental health & counseling;Pediatrics (children),
2084N0600X,,Brain & nerves / neurology,
2084D0003X,,Brain & nerves / neurology;Imaging & lab,
2084E0001X,,Brain & nerves / neurology,
2084F0202X,,Mental health & counseling,
2084P0805X,,Mental health & counseling,
2084H0002X,,Hospice & palliative care,
2084A2900X,,Brain & nerves / neurology;Hospital-based clinicians,
2084P0005X,,Brain & nerves / neurology;Pediatrics (children),
2084N0400X,,Brain & nerves / neurology,
2084N0402X,,Brain & nerves / neurology;Pediatrics (children),
2084N0008X,,Brain & nerves / neurology,
2084B0002X,,Primary care / family doctor;Nutrition & dietitian,
2084P2900X,,Pain management,
2084P0800X,,Mental health & counseling,
2084P0015X,,Mental health & counseling,
2084S0012X,,"Lung, breathing & sleep;Brain & nerves / neurology",
2084S0010X,,Orthopedics & sports injury,
2084V0102X,,Brain & nerves / neurology,
2085B0100X,,Imaging & lab,
2085D0003X,,Imaging & lab,
2085R0202X,,Imaging & lab,
2085U0001X,,Imaging & lab,
2085H0002X,,Hospice & palliative care,
2085N0700X,,Imaging & lab,
2085N0904X,,Imaging & lab,
2085P0229X,,Imaging & lab;Pediatrics (children),
2085R0001X,,Cancer care / oncology;Imaging & lab,
2085R0205X,,Imaging & lab,
2085R0203X,,Cancer care / oncology;Imaging & lab,
2085R0204X,,Imaging & lab,
208600000X,,General surgery,
2086H0002X,,Hospice & palliative care,
2086S0120X,,General surgery;Pediatrics (children),
2086P0122X,,Nutrition & dietitian;General surgery,
2086S0122X,,Plastic & reconstructive surgery,
2086S0105X,,Orthopedics & sports injury;Plastic & reconstructive surgery,
2086S0102X,,Hospital-based clinicians;General surgery,
2086X0206X,,Cancer care / oncology;General surgery,
2086S0127X,,Hospital-based clinicians;General surgery,
2086S0129X,,General surgery;Heart / cardiology,
208G00000X,,Heart / cardiology;General surgery,
204F00000X,,General surgery,
208800000X,,Urology,
2088F0040X,,Urology;Women's health / OB-GYN,
2088P0231X,,Urology;Pediatrics (children),
106E00000X,,Behavior therapy (ABA),
106S00000X,,Behavior therapy (ABA),
103K00000X,,Behavior therapy (ABA), (today under Mental health; the spec moves it to ABA. Keep it in both?)
103G00000X,,Mental health & counseling;Brain & nerves / neurology,
103GC0700X,,Mental health & counseling;Brain & nerves / neurology,
101Y00000X,,Mental health & counseling,
101YA0400X,,Mental health & counseling,
101YM0800X,,Mental health & counseling,
101YP1600X,,Mental health & counseling,
101YP2500X,,Mental health & counseling,
101YS0200X,,Mental health & counseling;Pediatrics (children),
101200000X,,Mental health & counseling,
106H00000X,,Mental health & counseling,
102X00000X,,Mental health & counseling,
102L00000X,,Mental health & counseling,
103T00000X,,Mental health & counseling,
103TA0400X,,Mental health & counseling,
103TA0700X,,Mental health & counseling,
103TC0700X,,Mental health & counseling,
103TC2200X,,Mental health & counseling;Pediatrics (children),
103TB0200X,,Mental health & counseling,
103TC1900X,,Mental health & counseling,
103TE1000X,,Mental health & counseling;Pediatrics (children),
103TE1100X,,Mental health & counseling,
103TF0000X,,Mental health & counseling,
103TF0200X,,Mental health & counseling,
103TP2701X,,Mental health & counseling,
103TH0004X,,Mental health & counseling,
103TH0100X,,Mental health & counseling,
103TM1700X,,Mental health & counseling,
103TM1800X,,Mental health & counseling,
103TP0016X,,Mental health & counseling,
103TP0814X,,Mental health & counseling,
103TP2700X,,Mental health & counseling,
103TR0400X,,Mental health & counseling,
103TS0200X,,Mental health & counseling;Pediatrics (children),
103TW0100X,,Mental health & counseling,
104100000X,,Care coordination & community health;Mental health & counseling," (non-clinical social workers do case work, not therapy)"
1041C0700X,,Mental health & counseling,
1041S0200X,,Care coordination & community health;Pediatrics (children),
111N00000X,,Chiropractic,
111NI0013X,,Chiropractic,
111NI0900X,,Chiropractic,
111NN0400X,,Chiropractic,
111NN1001X,,Chiropractic,
111NX0100X,,Chiropractic,
111NX0800X,,Chiropractic,
111NP0017X,,Chiropractic,
111NR0200X,,Chiropractic,
111NR0400X,,Chiropractic,
111NS0005X,,Chiropractic,
111NT0100X,,Chiropractic,
125K00000X,,Dental,
126800000X,,Dental,
124Q00000X,,Dental,
126900000X,,Dental, (makes crowns and dentures; patients do not book them)
125J00000X,,Dental,
122300000X,,Dental,
1223D0004X,,Dental,
1223D0001X,,Dental,
1223E0200X,,Dental,
1223G0001X,,Dental,
1223P0106X,,Dental,
1223X0008X,,Dental,
1223S0112X,,Dental,
125Q00000X,,Dental,
1223X2210X,,Dental,
1223X0400X,,Dental,
1223P0221X,,Dental;Pediatrics (children),
1223P0300X,,Dental,
1223P0700X,,Dental,
122400000X,,Dental,
132700000X,,Nutrition & dietitian, (runs food service in facilities)
136A00000X,,Nutrition & dietitian,
133V00000X,,Nutrition & dietitian,
133VN1101X,,Nutrition & dietitian,
133VN1006X,,Nutrition & dietitian,
133VN1201X,,Nutrition & dietitian,
133VN1301X,,Nutrition & dietitian,
133VN1004X,,Nutrition & dietitian;Pediatrics (children),
133VN1401X,,Nutrition & dietitian,
133VN1005X,,Nutrition & dietitian,
133VN1501X,,Nutrition & dietitian,
133N00000X,,Nutrition & dietitian,
133NN1002X,,Nutrition & dietitian,
146E00000X,,Urgent care & emergency;Home health & in-home care,
146N00000X,,Urgent care & emergency,
146M00000X,,Urgent care & emergency,
146L00000X,,Urgent care & emergency,
146D00000X,,Home health & in-home care,
152W00000X,,Eye care,
152WC0802X,,Eye care,
152WL0500X,,Eye care,
152WX0102X,,Eye care,
152WP0200X,,Eye care;Pediatrics (children),
152WS0006X,,Eye care,
152WV0400X,,Eye care,
156F00000X,,Eye care,
156FC0800X,,Eye care,
156FC0801X,,Eye care,
156FX1700X,,Eye care,
156FX1100X,,Eye care,
156FX1101X,,Eye care,
156FX1800X,,Eye care,
156FX1201X,,Eye care,
156FX1202X,,Eye care,
156FX1900X,,Eye care,
164W00000X,,"Nursing (RN, LPN)",
167G00000X,,"Mental health & counseling;Nursing (RN, LPN)",
164X00000X,,"Nursing (RN, LPN)",
163W00000X,,"Nursing (RN, LPN)",
163WA0400X,,"Nursing (RN, LPN);Mental health & counseling",
163WA2000X,,"Nursing (RN, LPN)"," (nurse administrators manage, not treat)"
163WP2201X,,"Nursing (RN, LPN)",
163WC3500X,,"Nursing (RN, LPN);Heart / cardiology",
163WC0400X,,"Nursing (RN, LPN);Care coordination & community health",
163WC1400X,,"Nursing (RN, LPN)",
163WC1500X,,"Nursing (RN, LPN);Care coordination & community health",
163WC2100X,,"Nursing (RN, LPN);Urology",
163WC1600X,,"Nursing (RN, LPN)", (teaches staff)
163WC0200X,,"Nursing (RN, LPN);Hospital-based clinicians",
163WD0400X,,"Nursing (RN, LPN);Diabetes & hormones",
163WD1100X,,"Nursing (RN, LPN);Kidney / nephrology",
163WE0003X,,"Nursing (RN, LPN);Urgent care & emergency",
163WE0900X,,"Nursing (RN, LPN)",
163WF0300X,,"Nursing (RN, LPN);Urgent care & emergency",
163WG0100X,,"Nursing (RN, LPN);Digestive / gastroenterology",
163WG0000X,,"Nursing (RN, LPN)",
163WG0600X,,"Nursing (RN, LPN)",
163WH0500X,,"Nursing (RN, LPN);Kidney / nephrology",
163WH0200X,,"Nursing (RN, LPN);Home health & in-home care",
163WH1000X,,"Nursing (RN, LPN);Hospice & palliative care",
163WI0600X,,"Nursing (RN, LPN)",
163WI0500X,,"Nursing (RN, LPN)",
163WL0100X,,"Nursing (RN, LPN);Women's health / OB-GYN",
163WM0102X,,"Nursing (RN, LPN);Women's health / OB-GYN",
163WM0705X,,"Nursing (RN, LPN)",
163WN0002X,,"Nursing (RN, LPN);Pediatrics (children)",
163WN0003X,,"Nursing (RN, LPN);Pediatrics (children)",
163WN0300X,,"Nursing (RN, LPN);Kidney / nephrology",
163WN0800X,,"Nursing (RN, LPN);Brain & nerves / neurology",
163WM1400X,,"Nursing (RN, LPN);Acupuncture, massage & naturopathy",
163WN1003X,,"Nursing (RN, LPN);Nutrition & dietitian",
163WX0002X,,"Nursing (RN, LPN);Women's health / OB-GYN",
163WX0003X,,"Nursing (RN, LPN);Women's health / OB-GYN",
163WX0106X,,"Nursing (RN, LPN)",
163WX0200X,,"Nursing (RN, LPN);Cancer care / oncology",
163WX1100X,,"Nursing (RN, LPN);Eye care",
163WX0800X,,"Nursing (RN, LPN);Orthopedics & sports injury",
163WX1500X,,"Nursing (RN, LPN)",
163WX0601X,,"Nursing (RN, LPN);Ear, nose & throat",
163WP0000X,,"Nursing (RN, LPN);Pain management",
163WP0218X,,"Nursing (RN, LPN);Pediatrics (children);Cancer care / oncology",
163WP0200X,,"Nursing (RN, LPN);Pediatrics (children)",
163WP1700X,,"Nursing (RN, LPN);Women's health / OB-GYN",
163WS0121X,,"Nursing (RN, LPN);Plastic & reconstructive surgery",
163WP0808X,,"Nursing (RN, LPN);Mental health & counseling",
163WP0809X,,"Nursing (RN, LPN);Mental health & counseling",
163WP0807X,,"Nursing (RN, LPN);Mental health & counseling;Pediatrics (children)",
163WR0006X,,"Nursing (RN, LPN);General surgery",
163WR0400X,,"Nursing (RN, LPN);Physical & occupational therapy",
163WR1000X,,"Nursing (RN, LPN);Women's health / OB-GYN",
163WS0200X,,"Nursing (RN, LPN);Pediatrics (children)",
163WU0100X,,"Nursing (RN, LPN);Urology",
163WW0101X,,"Nursing (RN, LPN);Women's health / OB-GYN",
163WW0000X,,"Nursing (RN, LPN)",
372600000X,,Home health & in-home care,
372500000X,,Home health & in-home care,
373H00000X,,Home health & in-home care, (day programs for people with developmental disabilities)
374J00000X,,Women's health / OB-GYN,
374U00000X,,Home health & in-home care,
376J00000X,,Home health & in-home care,
376K00000X,,Home health & in-home care;Nursing & assisted living,
376G00000X,,Nursing & assisted living, (runs a facility; not a clinician)
374T00000X,,Home health & in-home care, (Christian Science style nonmedical care)
374K00000X,,Home health & in-home care, (Christian Science style nonmedical care)
374700000X,,Home health & in-home care,
3747A0650X,,Home health & in-home care,
3747P1801X,,Home health & in-home care,
171100000X,,"Acupuncture, massage & naturopathy",
171M00000X,,Care coordination & community health,
174V00000X,,Other health services,
172V00000X,,Care coordination & community health,
171W00000X,,Other health services, (home and vehicle modifications for disability)
171WH0202X,,Other health services, (home and vehicle modifications for disability)
171WV0202X,,Other health services, (home and vehicle modifications for disability)
172A00000X,,Other health services, (non-emergency medical transport)
176P00000X,,Other health services, (not health care; hide from the map instead?)
170300000X,,Genetics & genetic counseling,
171400000X,,Care coordination & community health, (could also sit under Nutrition)
174H00000X,,Care coordination & community health,
175L00000X,,"Acupuncture, massage & naturopathy",
171R00000X,,Other health services, (medical interpreters; a patient may search for one)
174N00000X,,Women's health / OB-GYN,
175M00000X,,Women's health / OB-GYN,
173000000X,,Other health services," (medico-legal work, not care)"
172M00000X,,"Acupuncture, massage & naturopathy",
176B00000X,,Women's health / OB-GYN,
171000000X,,Primary care / family doctor, (military clinicians; most patients cannot book them)
1710I1002X,,Primary care / family doctor, (military clinicians; most patients cannot book them)
1710I1003X,,Primary care / family doctor, (military clinicians; most patients cannot book them)
172P00000X,,"Acupuncture, massage & naturopathy",
175F00000X,,"Acupuncture, massage & naturopathy",
175T00000X,,Mental health & counseling;Care coordination & community health,
170100000X,,Genetics & genetic counseling,
405300000X,,Care coordination & community health,
173C00000X,,"Acupuncture, massage & naturopathy",
173F00000X,,"Lung, breathing & sleep",
174400000X,,Other health services,
1744G0900X,,Other health services,
1744P3200X,,Medical equipment & supplies,
1744R1103X,,Other health services,
1744R1102X,,Other health services,
174M00000X,,Other health services, (animal doctors; hide from the map instead?)
174MM1900X,,Other health services, (animal doctors; hide from the map instead?)
183500000X,,Pharmacy,
1835P2201X,,Pharmacy,
1835C0206X,,Pharmacy,
1835C0207X,,Pharmacy,
1835C0205X,,Pharmacy,
1835E0208X,,Pharmacy,
1835G0000X,,Pharmacy,
1835G0303X,,Pharmacy,
1835I0206X,,Pharmacy,
1835N0905X,,Pharmacy,
1835N1003X,,Pharmacy,
1835X0200X,,Pharmacy,
1835P1400X,,Pharmacy,
1835P0200X,,Pharmacy,
1835P0018X,,Pharmacy,
1835P1200X,,Pharmacy,
1835P1300X,,Pharmacy,
1835S0206X,,Pharmacy,
183700000X,,Pharmacy,
367A00000X,,Women's health / OB-GYN,
367H00000X,,Hospital-based clinicians,
364S00000X,,"Nursing (RN, LPN)",
364SA2100X,,"Nursing (RN, LPN);Hospital-based clinicians",
364SA2200X,,"Nursing (RN, LPN);Primary care / family doctor",
364SC2300X,,"Nursing (RN, LPN);Primary care / family doctor",
364SC1501X,,"Nursing (RN, LPN);Care coordination & community health",
364SC0200X,,"Nursing (RN, LPN);Hospital-based clinicians",
364SE0003X,,"Nursing (RN, LPN);Urgent care & emergency",
364SE1400X,,"Nursing (RN, LPN);Other health services",
364SF0001X,,"Nursing (RN, LPN);Primary care / family doctor",
364SG0600X,,"Nursing (RN, LPN);Primary care / family doctor",
364SH1100X,,"Nursing (RN, LPN);Acupuncture, massage & naturopathy",
364SH0200X,,"Nursing (RN, LPN);Home health & in-home care",
364SI0800X,,"Nursing (RN, LPN);Other health services",
364SL0600X,,"Nursing (RN, LPN);Nursing & assisted living",
364SM0705X,,"Nursing (RN, LPN);Hospital-based clinicians",
364SN0000X,,"Nursing (RN, LPN);Hospital-based clinicians;Pediatrics (children)",
364SN0800X,,"Nursing (RN, LPN);Brain & nerves / neurology",
364SX0106X,,"Nursing (RN, LPN);Primary care / family doctor",
364SX0200X,,"Nursing (RN, LPN);Cancer care / oncology",
364SX0204X,,"Nursing (RN, LPN);Cancer care / oncology;Pediatrics (children)",
364SP0200X,,"Nursing (RN, LPN);Pediatrics (children)",
364SP1700X,,"Nursing (RN, LPN);Women's health / OB-GYN",
364SP2800X,,"Nursing (RN, LPN);Hospital-based clinicians;General surgery",
364SP0808X,,"Nursing (RN, LPN);Mental health & counseling",
364SP0809X,,"Nursing (RN, LPN);Mental health & counseling",
364SP0807X,,"Nursing (RN, LPN);Mental health & counseling;Pediatrics (children)",
364SP0810X,,"Nursing (RN, LPN);Mental health & counseling;Pediatrics (children)",
364SP0811X,,"Nursing (RN, LPN);Mental health & counseling",
364SP0812X,,"Nursing (RN, LPN);Mental health & counseling",
364SP0813X,,"Nursing (RN, LPN);Mental health & counseling",
364SR0400X,,"Nursing (RN, LPN);Physical & occupational therapy",
364SS0200X,,"Nursing (RN, LPN);Pediatrics (children)",
364ST0500X,,"Nursing (RN, LPN);Hospital-based clinicians",
364SW0102X,,"Nursing (RN, LPN);Women's health / OB-GYN",
367500000X,,Hospital-based clinicians,
363L00000X,,Primary care / family doctor,
363LA2100X,,Hospital-based clinicians,
363LA2200X,,Primary care / family doctor,
363LC1500X,,Primary care / family doctor;Care coordination & community health,
363LC0200X,,Hospital-based clinicians,
363LF0000X,,Primary care / family doctor,
363LG0600X,,Primary care / family doctor,
363LN0000X,,Hospital-based clinicians,
363LN0005X,,Hospital-based clinicians,
363LX0001X,,Women's health / OB-GYN,
363LX0106X,,Primary care / family doctor,
363LP0200X,,Pediatrics (children);Primary care / family doctor,
363LP0222X,,Hospital-based clinicians," (spec lists Acute, Critical Care and Neonatal; also add Pediatrics?)"
363LP1700X,,Women's health / OB-GYN,
363LP2300X,,Primary care / family doctor,
363LP0808X,,Mental health & counseling,
363LS0200X,,Pediatrics (children);Primary care / family doctor,
363LW0102X,,Women's health / OB-GYN,
363A00000X,,Physician assistant;Primary care / family doctor,
363AM0700X,,Physician assistant;Primary care / family doctor,
363AS0400X,,Physician assistant;General surgery,
211D00000X,,Foot & ankle / podiatry,
213E00000X,,Foot & ankle / podiatry,
213ES0103X,,Foot & ankle / podiatry,
213ES0131X,,Foot & ankle / podiatry,
213EG0000X,,Foot & ankle / podiatry,
213EP1101X,,Foot & ankle / podiatry,
213EP0504X,,Foot & ankle / podiatry,
213ER0200X,,Foot & ankle / podiatry,
213ES0000X,,Foot & ankle / podiatry,
229N00000X,,Medical equipment & supplies,
221700000X,,Mental health & counseling,
224Y00000X,,Physical & occupational therapy,
225600000X,,Mental health & counseling,
222Q00000X,,Physical & occupational therapy;Pediatrics (children), (early intervention for young children)
226300000X,,Physical & occupational therapy,
225700000X,,"Acupuncture, massage & naturopathy",
224900000X,,Medical equipment & supplies,
225A00000X,,Mental health & counseling," (today under Acupuncture, massage & naturopathy)"
225X00000X,,Physical & occupational therapy,
225XR0403X,,Physical & occupational therapy,
225XE0001X,,Physical & occupational therapy,
225XE1200X,,Physical & occupational therapy,
225XF0002X,,Physical & occupational therapy,
225XG0600X,,Physical & occupational therapy,
225XH1200X,,Physical & occupational therapy,
225XH1300X,,Physical & occupational therapy,
225XL0004X,,Physical & occupational therapy;Eye care,
225XM0800X,,Physical & occupational therapy;Mental health & counseling,
225XN1300X,,Physical & occupational therapy,
225XP0200X,,Physical & occupational therapy;Pediatrics (children),
225XP0019X,,Physical & occupational therapy,
224Z00000X,,Physical & occupational therapy,
224ZR0403X,,Physical & occupational therapy,
224ZE0001X,,Physical & occupational therapy,
224ZF0002X,,Physical & occupational therapy,
224ZL0004X,,Physical & occupational therapy,
225000000X,,Medical equipment & supplies,
222Z00000X,,Medical equipment & supplies,
224L00000X,,Medical equipment & supplies;Foot & ankle / podiatry,
225100000X,,Physical & occupational therapy,
2251C2600X,,"Physical & occupational therapy;Lung, breathing & sleep",
2251E1300X,,Physical & occupational therapy,
2251E1200X,,Physical & occupational therapy,
2251G0304X,,Physical & occupational therapy,
2251H1200X,,Physical & occupational therapy,
2251H1300X,,Physical & occupational therapy,
2251N0400X,,Physical & occupational therapy;Brain & nerves / neurology,
2251X0800X,,Physical & occupational therapy,
2251P0200X,,Physical & occupational therapy;Pediatrics (children),
2251S0007X,,Physical & occupational therapy;Orthopedics & sports injury,
225200000X,,Physical & occupational therapy,
224P00000X,,Medical equipment & supplies,
225B00000X,,"Lung, breathing & sleep",
225800000X,,Physical & occupational therapy,
226000000X,,Physical & occupational therapy,
225C00000X,,Physical & occupational therapy, (vocational rehabilitation)
225CA2400X,,Physical & occupational therapy;Medical equipment & supplies,
225CA2500X,,Medical equipment & supplies,
225CX0006X,,Eye care;Physical & occupational therapy,
225400000X,,Mental health & counseling, (psychiatric rehabilitation)
227800000X,,"Lung, breathing & sleep",
2278C0205X,,"Lung, breathing & sleep;Hospital-based clinicians",
2278E1000X,,"Lung, breathing & sleep",
2278E0002X,,"Lung, breathing & sleep",
2278G1100X,,"Lung, breathing & sleep",
2278G0305X,,"Lung, breathing & sleep",
2278H0200X,,"Lung, breathing & sleep;Home health & in-home care",
2278P3900X,,"Lung, breathing & sleep;Pediatrics (children)",
2278P3800X,,"Lung, breathing & sleep;Hospice & palliative care",
2278P4000X,,"Lung, breathing & sleep",
2278P1004X,,"Lung, breathing & sleep",
2278P1006X,,"Lung, breathing & sleep",
2278P1005X,,"Lung, breathing & sleep",
2278S1500X,,"Lung, breathing & sleep;Nursing & assisted living",
227900000X,,"Lung, breathing & sleep",
2279C0205X,,"Lung, breathing & sleep;Hospital-based clinicians",
2279E1000X,,"Lung, breathing & sleep",
2279E0002X,,"Lung, breathing & sleep",
2279G1100X,,"Lung, breathing & sleep",
2279G0305X,,"Lung, breathing & sleep",
2279H0200X,,"Lung, breathing & sleep;Home health & in-home care",
2279P3900X,,"Lung, breathing & sleep;Pediatrics (children)",
2279P3800X,,"Lung, breathing & sleep;Hospice & palliative care",
2279P4000X,,"Lung, breathing & sleep",
2279P1004X,,"Lung, breathing & sleep",
2279P1006X,,"Lung, breathing & sleep",
2279P1005X,,"Lung, breathing & sleep",
2279S1500X,,"Lung, breathing & sleep;Nursing & assisted living",
225500000X,,Physical & occupational therapy,
2255A2300X,,Orthopedics & sports injury;Physical & occupational therapy,
2255R0406X,,Eye care;Physical & occupational therapy,
231H00000X,,Hearing & audiology,
231HA2400X,,Hearing & audiology,
231HA2500X,,Hearing & audiology,
237600000X,,Hearing & audiology,
237700000X,,Hearing & audiology,
235500000X,,Speech & language therapy;Hearing & audiology,
2355A2700X,,Hearing & audiology,
2355S0801X,,Speech & language therapy,
235Z00000X,,Speech & language therapy,
390200000X,false,,"Student, Health Care: trainees, not providers a patient can book. Hidden from the map and patient search; rows stay in the database."
242T00000X,,Hospital-based clinicians,
247100000X,,Imaging & lab,
2471B0102X,,Imaging & lab,
2471C1106X,,Imaging & lab,
2471C1101X,,Imaging & lab,
2471C3401X,,Imaging & lab,
2471M1202X,,Imaging & lab,
2471M2300X,,Imaging & lab,
2471N0900X,,Imaging & lab,
2471Q0001X,,Imaging & lab,
2471R0002X,,Imaging & lab,
2471C3402X,,Imaging & lab,
2471S1302X,,Imaging & lab,
2471V0105X,,Imaging & lab,
2471V0106X,,Imaging & lab,
243U00000X,,Imaging & lab,
246X00000X,,Heart / cardiology;Imaging & lab,
246XC2901X,,Heart / cardiology;Imaging & lab,
246XS1301X,,Heart / cardiology;Imaging & lab,
246XC2903X,,Heart / cardiology;Imaging & lab,
246Y00000X,,Other health services,
246YC3301X,,Other health services,
246YC3302X,,Other health services,
246YR1600X,,Other health services,
246Z00000X,,Other health services,
246ZA2600X,,Other health services,
246ZB0500X,,Other health services,
246ZB0301X,,Other health services,
246ZB0302X,,Other health services,
246ZB0600X,,Other health services,
246ZE0500X,,Brain & nerves / neurology,
246ZE0600X,,Brain & nerves / neurology,
246ZG1000X,,Genetics & genetic counseling,
246ZG0701X,,Other health services,
246ZI1000X,,Other health services,
246ZN0300X,,Kidney / nephrology,
246ZX2200X,,Orthopedics & sports injury,
246ZC0007X,,General surgery;Hospital-based clinicians,
246ZS0410X,,General surgery;Hospital-based clinicians,
246Q00000X,,Imaging & lab,
246QB0000X,,Imaging & lab,
246QC1000X,,Imaging & lab,
246QC2700X,,Imaging & lab,
246QH0401X,,Imaging & lab,
246QH0000X,,Imaging & lab,
246QH0600X,,Imaging & lab,
246QI0000X,,Imaging & lab,
246QL0900X,,Imaging & lab,
246QL0901X,,Imaging & lab,
246QM0706X,,Imaging & lab,
246QM0900X,,Imaging & lab,
246W00000X,,Heart / cardiology,
247000000X,,Other health services,
2470A2800X,,Other health services,
247200000X,,Other health services,
2472B0301X,,Other health services,
2472D0500X,,Other health services,
2472E0500X,,Brain & nerves / neurology,
2472R0900X,,Kidney / nephrology,
2472V0600X,,Other health services,
246R00000X,,Imaging & lab,
247ZC0005X,,Imaging & lab,
246RH0600X,,Imaging & lab,
246RM2200X,,Imaging & lab,
246RP1900X,,Imaging & lab,
251S00000X,,Mental health & counseling,
251E00000X,,Home health & in-home care,
251G00000X,,Hospice & palliative care;Home health & in-home care,
253Z00000X,,Home health & in-home care,
251J00000X,,Home health & in-home care,
261QM0855X,,Mental health & counseling;Pediatrics (children),
261QA1903X,,Urgent care & emergency, (today under Urgent care; surgery centers are not walk-in)
261QA0900X,,Medical equipment & supplies;Physical & occupational therapy,
261QA3000X,,Speech & language therapy,
261QC1500X,,Primary care / family doctor,
261QC0050X,,Urgent care & emergency,
261QD0000X,,Dental,
261QD1600X,,Pediatrics (children);Behavior therapy (ABA),
261QE0002X,,Urgent care & emergency,
261QE0700X,,Kidney / nephrology,
261QE0800X,,Digestive / gastroenterology,
261QF0050X,,Women's health / OB-GYN,
261QF0400X,,Primary care / family doctor,
261QH0700X,,Hearing & audiology;Speech & language therapy,
261QI0500X,,Cancer care / oncology,
261QL0400X,,Urology,
261QM2500X,,Other health services,
261QM3000X,,Pediatrics (children);Home health & in-home care,
261QM0801X,,Mental health & counseling,
261QM2800X,,Mental health & counseling,
261QM1300X,,Primary care / family doctor,
261QX0100X,,Primary care / family doctor,
261QX0200X,,Cancer care / oncology,
261QX0203X,,Cancer care / oncology,
261QP2000X,,Physical & occupational therapy,
261QP1100X,,Foot & ankle / podiatry,
261QP2300X,,Primary care / family doctor,
261QR0200X,,Imaging & lab,
261QR0206X,,Imaging & lab;Women's health / OB-GYN,
261QR0208X,,Imaging & lab,
261QR0207X,,Imaging & lab;Women's health / OB-GYN,
261QR0400X,,Physical & occupational therapy,
261QR0401X,,Physical & occupational therapy,
261QR0405X,,Mental health & counseling,
261QR1300X,,Primary care / family doctor,
261QS1200X,,"Lung, breathing & sleep",
261QU0200X,,Urgent care & emergency,
276400000X,,Mental health & counseling,
282N00000X,,Urgent care & emergency,
282NC2000X,,Urgent care & emergency;Pediatrics (children),
282NC0060X,,Urgent care & emergency,
282NR1301X,,Urgent care & emergency,
282NW0100X,,Urgent care & emergency;Women's health / OB-GYN,
283Q00000X,,Mental health & counseling,
283X00000X,,Physical & occupational therapy,
283XC2000X,,Physical & occupational therapy;Pediatrics (children),
291U00000X,,Imaging & lab,
293D00000X,,Imaging & lab,
311500000X,,Nursing & assisted living,
310400000X,,Nursing & assisted living,
3104A0630X,,Nursing & assisted living,
3104A0625X,,Nursing & assisted living,
317400000X,,Nursing & assisted living,
311Z00000X,,Nursing & assisted living,
311ZA0620X,,Nursing & assisted living,
315D00000X,,Hospice & palliative care,
315P00000X,,Nursing & assisted living,
310500000X,,Nursing & assisted living;Mental health & counseling,
313M00000X,,Nursing & assisted living,
314000000X,,Nursing & assisted living,
3140N1450X,,Nursing & assisted living,
322D00000X,,Mental health & counseling;Pediatrics (children),
324500000X,,Mental health & counseling,
3245S0500X,,Mental health & counseling,
332B00000X,,Medical equipment & supplies,
332BC3200X,,Medical equipment & supplies,
332BD1200X,,Medical equipment & supplies,
332BN1400X,,Medical equipment & supplies,
332BX2000X,,Medical equipment & supplies,
332BP3500X,,Medical equipment & supplies,
332H00000X,,Eye care,
332S00000X,,Hearing & audiology;Medical equipment & supplies,
333600000X,,Pharmacy,
3336C0002X,,Pharmacy,
3336C0003X,,Pharmacy,
3336C0004X,,Pharmacy,
3336H0001X,,Pharmacy,
3336I0012X,,Pharmacy,
3336L0003X,,Pharmacy,
3336M0002X,,Pharmacy,
3336M0003X,,Pharmacy,
3336N0007X,,Pharmacy,
3336S0011X,,Pharmacy,
335E00000X,,Medical equipment & supplies,
341600000X,,Urgent care & emergency,
3416A0800X,,Urgent care & emergency,
3416L0300X,,Urgent care & emergency,
3416S0300X,,Urgent care & emergency,
