primary_taxonomy,clinics_rows,individual_rows,secondary_rows,total_rows
Behavior Technician,628,535836,26167,562631
Clinical Social Worker,35132,302399,43898,381429
Mental Health Counselor,32010,281815,27090,340915
Physical Therapist,29953,258497,39045,327495
Family Nurse Practitioner,9269,230544,72705,312518
Pharmacist,3132,288921,10634,302687
Student in an Organized Health Care Education/Training Program,494,253434,12374,266302
Family Medicine Physician,51870,153166,44967,250003
Internal Medicine Physician,40943,146795,38271,226009
Speech-Language Pathologist,14750,191530,15679,221959
Physician Assistant,1436,158953,53024,213413
General Practice Dentistry,52778,123548,10174,186500
Professional Counselor,19041,135629,21629,176299
Case Manager/Care Coordinator,2556,156237,6891,165684
Chiropractor,56257,95061,6539,157857
Occupational Therapist,6976,131278,12336,150590
Social Worker,2864,132627,10965,146456
Registered Nurse,1273,139591,3368,144232
Behavior Analyst,15917,104033,17280,137230
Dentist,29444,91853,9200,130497
Nurse Practitioner,5017,94344,30402,129763
Marriage & Family Therapist,8871,97984,15645,122500
Counselor,5169,104969,6086,116224
Optometrist,33589,61486,13863,108938
Addiction (Substance Use Disorder) Counselor,4487,93447,7954,105888
Pediatrics Physician,12427,73650,17141,103218
Emergency Medicine Physician,9045,68982,23320,101347
Certified Registered Nurse Anesthetist,4209,74178,19971,98358
Personal Care Attendant,3019,91080,1300,95399
Home Health Agency,81994,9908,3290,95192
Specialist,28399,60708,2403,91510
Clinical Psychologist,12902,68400,8814,90116
Psychiatry Physician,14197,56759,18694,89650
Anesthesiology Physician,11652,59215,17397,88264
Psychiatric/Mental Health Nurse Practitioner,11002,53519,20544,85065
Registered Dietitian,5756,65742,6734,78232
Massage Therapist,5218,68917,3075,77210
Community/Behavioral Health Agency,62104,6104,5932,74140
Obstetrics & Gynecology Physician,12227,45105,15292,72624
Licensed Practical Nurse,433,70526,1562,72521
Diagnostic Radiology Physician,9460,43407,17832,70699
Community/Retail Pharmacy,62778,928,306,64012
Physical Therapy Assistant,254,59842,2133,62229
Psychologist,8480,47961,5737,62178
Durable Medical Equipment & Medical Supplies,52762,2571,924,56257
Surgery Physician,10597,33406,10489,54492
Home Health Aide,2669,47176,695,50540
Medical Physician Assistant,728,38959,9717,49404
Community Health Worker,1261,44344,2297,47902
Cardiovascular Disease Physician,9627,26274,10195,46096
Athletic Trainer,213,43330,2531,46074
Orthopaedic Surgery Physician,11764,24417,9825,46006
In Home Supportive Care Agency,37661,6670,1621,45952
Acupuncturist,9799,33058,2689,45546
Hospitalist Physician,3123,26857,15101,45081
Occupational Therapy Assistant,188,40587,1421,42196
Ophthalmology Physician,10261,22362,7777,40400
Adult Health Nurse Practitioner,1326,31361,6873,39560
Neurology Physician,5722,21356,9016,36094
Acute Care Nurse Practitioner,308,26406,8062,34776
Skilled Nursing Facility,33237,971,142,34350
Gastroenterology Physician,5271,20381,8133,33785
Non-emergency Medical Transport (VAN),25334,7363,634,33331
General Practice Physician,12504,16673,3537,32714
Mental Health Clinic/Center (Including Community Mental Health Center),28564,988,3058,32610
Peer Specialist,564,29554,1653,31771
Pharmacy,29605,616,118,30339
Pediatric Nurse Practitioner,317,23169,6683,30169
Clinic/Center,26912,433,1747,29092
Audiologist,3255,21097,4079,28431
Dermatology Physician,6559,15573,6194,28326
Assisted Living Facility,25458,1474,744,27676
Physical Medicine & Rehabilitation Physician,6511,15466,4766,26743
Dental Clinic/Center,24866,57,828,25751
Pulmonary Disease Physician,4072,15160,5844,25076
Surgical Physician Assistant,1403,17218,5364,23985
Urology Physician,4707,14171,4899,23777
Orthodontics and Dentofacial Orthopedics Dentistry,7403,13448,2554,23405
Hematology & Oncology Physician,3435,13799,5750,22984
Nephrology Physician,3876,13324,5076,22276
Physical Therapy Clinic/Center,19158,1187,1651,21996
Rehabilitation Practitioner,595,20053,1258,21906
Anatomic Pathology & Clinical Pathology Physician,2466,15998,3188,21652
Foot & Ankle Surgery Podiatrist,6695,9872,3992,20559
Case Management Agency,16452,3170,858,20480
Licensed Vocational Nurse,63,18778,1213,20054
Pediatric Dentistry,6444,10713,2833,19990
Podiatrist,6849,10309,2481,19639
Clinical Medical Laboratory,17508,667,642,18817
Doula,1492,16390,592,18474
Federally Qualified Health Center (FQHC),17137,36,1289,18462
Advanced Practice Midwife,623,13028,4712,18363
Primary Care Clinic/Center,16512,370,1026,17908
Otolaryngology Physician,3223,11153,3333,17709
Pediatric Occupational Therapist,1785,14608,1131,17524
Community Based Hospice Care Agency,16193,150,1155,17498
Developmental Therapist,320,16345,406,17071
Eyewear Supplier,16836,109,125,17070
Dental Hygienist,492,15381,674,16547
Infectious Disease Physician,2331,10642,3434,16407
Local Education Agency (LEA),15428,546,256,16230
General Acute Care Hospital,13440,1260,1421,16121
"Endocrinology, Diabetes & Metabolism Physician",2532,10164,3189,15885
Day Training/Habilitation Specialist,309,13362,1677,15348
Pharmacist Clinician (PhC)/ Clinical Pharmacy Specialist,147,14160,981,15288
Primary Care Nurse Practitioner,1715,10811,2609,15135
Neurological Surgery Physician,3213,8472,3228,14913
Hearing Instrument Specialist,1993,10403,2128,14524
School Psychologist,248,13602,658,14508
Oral and Maxillofacial Surgery (Dentist),4241,8338,1923,14502
Gerontology Nurse Practitioner,433,10266,3506,14205
Homemaker,1482,12311,215,14008
Ambulatory Surgical Clinic/Center,13622,65,251,13938
Nurse's Aide,378,13198,240,13816
Orthopedic Physical Therapist,1622,10665,1436,13723
Multi-Specialty Clinic/Center,10767,108,2589,13464
Intellectual and/or Developmental Disabilities Community Based Residential Treatment Facility,11542,1267,548,13357
Urgent Care Clinic/Center,11204,129,1823,13156
Speech-Language Assistant,145,12390,512,13047
Women's Health Nurse Practitioner,356,9996,2588,12940
Other Technician,425,12038,235,12698
Rheumatology Physician,2130,7858,2646,12634
Land Ambulance,11951,235,402,12588
Interventional Cardiology Physician,1151,7143,4008,12302
Pharmacy Technician,72,11800,178,12050
Radiation Oncology Physician,1895,6802,3016,11713
Substance Abuse Rehabilitation Facility,9598,760,1240,11598
End-Stage Renal Disease (ESRD) Treatment Clinic/Center,11248,5,151,11404
Psychiatric/Mental Health Registered Nurse,239,10367,732,11338
Child & Adolescent Psychiatry Physician,1244,7540,2482,11266
Adult Companion,682,10054,389,11125
Developmentally Disabled Services Day Training Agency,9089,1492,376,10957
Adult Mental Health Clinic/Center,9819,203,870,10892
Optician,3719,6805,277,10801
Critical Care Medicine (Internal Medicine) Physician,833,6168,3734,10735
School Registered Nurse,144,10178,394,10716
Neonatal-Perinatal Medicine Physician,675,7559,2453,10687
Thoracic Surgery (Cardiothoracic Vascular Surgery) Physician,1670,6257,2447,10374
Pain Medicine (Anesthesiology) Physician,3496,4483,2329,10308
Home Health Registered Nurse,977,9083,206,10266
Vascular Surgery Physician,2185,5322,2752,10259
Counseling Psychologist,1529,7935,691,10155
Assistant Behavior Analyst,95,9074,808,9977
Endodontics,2548,6589,815,9952
Plastic Surgery Physician,2988,5591,1373,9952
Contractor,1479,8123,150,9752
Prosthetic/Orthotic Supplier,8394,1054,200,9648
Attendant Care Provider,763,8616,153,9532
Health Service Clinic/Center,8787,280,426,9493
Periodontics,2103,6543,771,9417
Early Intervention Provider Agency,5789,3322,280,9391
Naturopath,1097,7204,768,9069
Rural Health Clinic/Center,8552,19,276,8847
Long Term Care Pharmacy,8541,24,72,8637
Medical Oncology Physician,585,5602,2384,8571
Vascular & Interventional Radiology Physician,953,4664,2852,8469
Pediatric Physical Therapist,753,6681,793,8227
Substance Use Disorder Rehabilitation Clinic/Center,7030,149,873,8052
Public Health or Welfare Agency,7493,299,217,8009
Clinical Neuropsychologist,1449,5395,1087,7931
Health Educator,981,6340,415,7736
Interventional Pain Medicine Physician,3078,2552,2081,7711
Driver,620,6841,124,7585
Community Health Registered Nurse,146,7231,145,7522
Adult Day Care Clinic/Center,6892,423,206,7521
Midwife,799,5918,759,7476
Geriatric Medicine (Internal Medicine) Physician,1735,4554,1075,7364
Genetic Counselor (M.S.),76,6331,786,7193
Health & Wellness Coach,534,6249,298,7081
Allergy & Immunology Physician,1585,3879,1259,6723
Pediatric Cardiology Physician,576,3546,2581,6703
Gynecology Physician,2162,3857,653,6672
Ambulance,6343,98,182,6623
Nursing Care Agency,5421,971,207,6599
Medical Specialty Clinic/Center,6074,107,407,6588
School Social Worker,138,6009,377,6524
Pharmacotherapy Pharmacist,95,6217,170,6482
Clinical Child & Adolescent Psychologist,656,5024,784,6464
Anesthesiologist Assistant,67,4683,1617,6367
Intellectual Disabilities Intermediate Care Facility,6123,46,108,6277
Adult Care Home Facility,4944,1117,168,6229
Oxygen Equipment & Supplies (DME),5930,121,70,6121
Rehabilitation Clinic/Center,5510,112,399,6021
Mental Illness Community Based Residential Treatment Facility,5132,538,347,6017
Intellectual and/or Developmental Disabilities Residential Treatment Facility,5282,506,202,5990
Neonatal Nurse Practitioner,23,4683,1276,5982
Maternal & Fetal Medicine Physician,800,3177,1986,5963
Audiologist-Hearing Aid Fitter,2109,2781,915,5805
Clinical Cardiac Electrophysiology Physician,434,3501,1835,5770
Sports Medicine (Orthopaedic Surgery) Physician,1000,3254,1408,5662
Case Management Registered Nurse,145,5319,108,5572
School Counselor,123,5104,190,5417
Surgical Assistant,674,4398,272,5344
Plastic and Reconstructive Surgery Physician,1429,2951,830,5210
Customized Equipment (DME),4600,358,118,5076
Prosthodontics,850,3862,307,5019
Pediatric Critical Care Medicine Physician,177,3592,1235,5004
Pediatric Hematology & Oncology Physician,171,3619,1181,4971
Electroneurodiagnostic Specialist/Technologist,821,3821,132,4774
Sports Medicine (Family Medicine) Physician,616,2663,1396,4675
Health Maintenance Organization,4284,284,74,4642
General Practice Registered Nurse,143,4355,133,4631
Pain Medicine (Physical Medicine & Rehabilitation) Physician,1758,1860,995,4613
Adult Psychiatric/Mental Health Registered Nurse,107,4360,128,4595
Pediatric Emergency Medicine (Pediatrics) Physician,74,2791,1720,4585
Radiology Clinic/Center,4310,33,230,4573
Nutritionist,465,3820,247,4532
Lactation Consultant (Registered Nurse),471,3856,194,4521
Hospice and Palliative Medicine (Internal Medicine) Physician,776,2402,1296,4474
Orthopaedic Hand Surgery Physician,501,2840,1076,4417
Registered Respiratory Therapist,80,4231,82,4393
Orthopaedic Surgery of the Spine Physician,1067,2249,1050,4366
Chore Provider,336,3927,89,4352
Non-Pharmacy Dispensing Site,4200,11,65,4276
Ambulatory Care Pharmacist,25,3721,463,4209
Interpreter,457,3664,71,4192
Hearing  Aid Equipment,3422,52,708,4182
Technician/Technologist,190,3774,177,4141
Neurology with Special Qualifications in Child Neurology Physician,314,2595,1231,4140
Lactation Consultant (Non-RN),578,3333,218,4129
Emergency Medical Services (Emergency Medicine) Physician,756,2893,410,4059
Critical Care Medicine Registered Nurse,10,3921,115,4046
Adolescent and Children Mental Health Clinic/Center,3610,141,281,4032
Adult Medicine Physician,1299,2292,400,3991
Hearing and Speech Clinic/Center,3659,92,240,3991
Pediatric Adolescent Medicine Physician,915,2688,372,3975
Pain Medicine Physician,1843,1232,847,3922
Hand Occupational Therapist,484,2976,459,3919
Private Vehicle,2031,1697,59,3787
Colon & Rectal Surgery Physician,565,2335,818,3718
Pediatric Gastroenterology Physician,287,2378,1041,3706
Music Therapist,348,3207,131,3686
Occupational Medicine Physician,641,2580,389,3610
Rehabilitation Chiropractor,1695,1767,134,3596
Emotionally Disturbed Childrens' Residential Treatment Facility,2965,466,99,3530
Obstetrics & Gynecology Nurse Practitioner,116,2895,516,3527
Anatomic Pathology Physician,184,2799,476,3459
Respite Care,2179,1120,150,3449
Phlebotomy Technician,746,2597,71,3414
Geriatric Medicine (Family Medicine) Physician,1084,1807,507,3398
Critical Access Hospital,3094,78,164,3336
Sports Physician Chiropractor,1109,2082,141,3332
Emergency Registered Nurse,5,3230,95,3330
Developmental Disabilities Clinic/Center,2365,602,175,3142
Preferred Provider Organization,2919,164,36,3119
Sleep Disorder Diagnostic Clinic/Center,2947,47,102,3096
Gynecologic Oncology Physician,404,1861,826,3091
Foot Surgery Podiatrist,1159,1599,316,3074
Registered Nurse First Assistant,435,2480,145,3060
Voluntary or Charitable Agency,2807,131,122,3060
Independent Duty Corpsman,10,2992,57,3059
Reproductive Endocrinology Physician,611,1748,691,3050
MOHS-Micrographic Surgery Physician,505,1484,1057,3046
Surgical Oncology Physician,387,1943,711,3041
Surgical Critical Care Physician,154,1876,961,2991
Retina Specialist (Ophthalmology) Physician,341,1543,1100,2984
Medical-Surgical Registered Nurse,43,2866,71,2980
Ambulatory Care Registered Nurse,18,2918,39,2975
Pediatric Anesthesiology Physician,81,1969,913,2963
Community Health Clinic/Center,2643,145,168,2956
Pediatric Endocrinology Physician,208,2030,636,2874
Dental Assistant,35,2768,40,2843
Critical Care Neonatal Nurse Practitioner,19,2334,450,2803
Physical Rehabilitation Occupational Therapist,173,2425,187,2785
Nursing Facility/Intermediate Care Facility,2619,142,13,2774
Point of Service,2511,172,40,2723
Technician,75,2551,55,2681
Addiction (Substance Use Disorder) Registered Nurse,31,2557,84,2672
Licensed Psychiatric Technician,5,2354,285,2644
Recreation Therapist,112,2416,65,2593
Public Health & General Preventive Medicine Physician,542,1800,249,2591
Sleep Medicine (Internal Medicine) Physician,789,1107,658,2554
Psychiatric Hospital,2230,184,133,2547
Pediatric Surgery Physician,194,1476,857,2527
Cognitive & Behavioral Psychologist,538,1851,132,2521
Oral & Maxillofacial Surgery (D.M.D.),560,1425,506,2491
Psychiatric Hospital Unit,2356,60,55,2471
Obstetrics Physician,671,1390,393,2454
Neuroradiology Physician,83,1686,684,2453
Pastoral Counselor,320,2033,68,2421
Pediatric Pulmonology Physician,181,1528,707,2416
Diabetes Educator Registered Nurse,89,2174,137,2400
Other Specialist/Technologist,406,1912,82,2400
Psychiatric Residential Treatment Facility,2087,83,193,2363
Prosthetist,175,2050,133,2358
Administrator Registered Nurse,88,2166,82,2336
Geriatric Physical Therapist,172,2037,114,2323
Foster Care Agency,1405,773,123,2301
Exclusive Provider Organization,2173,97,27,2297
Hospice and Palliative Medicine (Family Medicine) Physician,638,1055,582,2275
Addiction Medicine (Family Medicine) Physician,776,811,666,2253
Pediatric Registered Nurse,45,2160,48,2253
Rehabilitation Counselor,97,2078,65,2240
Adult Reconstructive Orthopaedic Surgery Physician,201,1348,637,2186
Military Health Care Provider,33,1995,150,2178
Mechanotherapist,192,1951,28,2171
Trauma Surgery Physician,266,1325,580,2171
Hematology (Internal Medicine) Physician,97,1424,594,2115
Primary Podiatric Medicine Podiatrist,850,1002,230,2082
Occupational Medicine Clinic/Center,1911,47,115,2073
Home Modifications Contractor,906,1069,42,2017
Critical Care Medicine (Anesthesiology) Physician,101,1302,605,2008
Pediatric Infectious Diseases Physician,93,1500,415,2008
Physiological Laboratory,1839,23,141,2003
Prosthetics Case Management,316,1617,67,2000
Art Therapist,96,1730,161,1987
Clinical Nurse Specialist,79,1787,119,1985
Surgical Technologist,274,1680,22,1976
Allergy Physician,644,1007,299,1950
Nutrition Education Nutritionist,274,1613,60,1947
Sports Medicine (Physical Medicine & Rehabilitation) Physician,361,1271,311,1943
Corneal and Contact Management Optometrist,624,1187,125,1936
Oncology Pharmacist,9,1809,89,1907
Public Health Dentistry,711,1051,125,1887
Legal Medicine,1110,760,14,1884
Medicare Defined Swing Bed Hospital Unit,1860,8,16,1884
Taxi,1459,383,26,1868
Advanced Heart Failure and Transplant Cardiology Physician,20,1172,674,1866
Developmental - Behavioral Pediatrics Physician,263,1267,332,1862
Critical Care Medicine Nurse Practitioner,18,1427,416,1861
Secured Medical Transport (VAN),1550,239,69,1858
Methadone Clinic,1624,48,168,1840
Clinical Pathology/Laboratory Medicine Physician,274,1342,212,1828
Rehabilitation Hospital Unit,1715,57,41,1813
Basic Emergency Medical Technician,199,1538,25,1762
Urogynecology and Reconstructive Pelvic Surgery (Obstetrics & Gynecology) Physician,180,1044,493,1717
Neuromusculoskeletal Medicine & OMM Physician,453,1074,184,1711
Clinic Pharmacy,1586,54,30,1670
Veterinarian,70,1590,10,1670
Assisted Living Facility (Mental Illness),1416,153,95,1664
Certified Respiratory Therapist,78,1523,35,1636
Preventive Medicine/Occupational Environmental Medicine Physician,520,984,123,1627
Clinical Genetics (M.D.) Physician,112,1015,498,1625
Body Imaging Physician,325,986,309,1620
Adult Health Clinical Nurse Specialist,68,1392,147,1607
Paramedic,140,1425,32,1597
Transportation Network Company,1013,539,26,1578
Magnetic Resonance Imaging (MRI) Clinic/Center,1494,12,44,1550
Pain Clinic/Center,1415,27,84,1526
Perfusionist,34,1476,15,1525
Nutrition Chiropractor,476,1019,28,1523
Pediatric Radiology Physician,47,962,499,1508
VA Clinic/Center,1431,71,2,1504
Pediatric Orthopaedic Surgery Physician,159,855,470,1484
Pediatric Nephrology Physician,84,1022,371,1477
Vascular Neurology Physician,51,844,574,1469
Emergency Care Clinic/Center,1379,16,68,1463
Orthopaedic Trauma Physician,149,883,419,1451
Psychiatric/Mental Health Clinical Nurse Specialist,238,1069,144,1451
Portable X-ray and/or Other Portable Diagnostic Imaging Supplier,1271,36,143,1450
Pediatric Nutrition Registered Dietitian,52,1312,85,1449
Orthopedic Chiropractor,497,914,31,1442
Addiction Medicine (Internal Medicine) Physician,421,587,415,1423
Birthing Clinic/Center,1359,13,50,1422
Otolaryngology/Facial Plastic Surgery Physician,427,806,184,1417
Transportation Broker,1010,357,48,1415
Psychoanalyst,126,1205,70,1401
Child & Adolescent Psychiatric/Mental Health Registered Nurse,39,1301,51,1391
Critical Care Pediatric Nurse Practitioner,3,1182,205,1390
Orthotist,90,1210,86,1386
Air Ambulance,1268,5,112,1385
Transplant Surgery Physician,126,966,277,1369
Comprehensive Outpatient Rehabilitation Facility (CORF),1247,48,72,1367
Home Infusion Therapy Pharmacy,1337,5,24,1366
Specialty Pharmacy,1310,22,19,1351
Student Health Clinic/Center,1134,169,44,1347
Infusion Therapy Clinic/Center,985,17,332,1334
Adult Psychiatric/Mental Health Clinical Nurse Specialist,116,1123,92,1331
Rehabilitation Hospital,1122,148,61,1331
Geriatric Pharmacist,37,1264,26,1327
Geriatric Psychiatry Physician,369,793,164,1326
Independent Duty Medical Technicians,8,1290,21,1319
Neurology Physical Therapist,94,1092,124,1310
Intellectual & Developmental Disabilities Psychologist,275,931,76,1282
Orthopaedic Foot and Ankle Surgery Physician,129,815,328,1272
Clinical Neurophysiology Physician,489,525,257,1271
Sports Physical Therapist,225,923,121,1269
Child Intellectual and/or Developmental Disabilities Respite Care,687,537,35,1259
Neurology Chiropractor,433,768,35,1236
Mobile Radiology Clinic/Center,1177,20,33,1230
Pediatric Otolaryngology Physician,81,751,398,1230
Health Service Psychologist,183,935,94,1212
Compounding Pharmacy,1189,8,7,1204
Addiction Psychiatry Physician,251,680,270,1201
Pediatric Emergency Medicine (Emergency Medicine) Physician,59,873,246,1178
Procedural Dermatology Physician,387,646,125,1158
Facial Plastic Surgery Physician,307,648,199,1154
Long Term Care Hospital,1015,57,28,1100
Plastic Surgery within the Head & Neck (Otolaryngology) Physician,178,688,227,1093
State or Local Public Health Clinic/Center,940,62,85,1087
Diagnostic Ultrasound Physician,531,460,81,1072
Nuclear Medicine Physician,136,743,182,1061
Podiatric Clinic/Center,985,4,70,1059
Radiologic Technologist,254,781,9,1044
Addiction Medicine (Psychiatry & Neurology) Physician,379,456,207,1042
Psychiatric Pharmacist,7,978,56,1041
Neurocritical Care Physician,22,569,441,1032
Health Information Technician,83,927,21,1031
Custodial Care Facility,938,72,8,1018
Sleep Medicine (Psychiatry & Neurology) Physician,268,498,252,1018
Pediatric Urology Physician,137,511,362,1010
Sonography Radiologic Technologist,306,628,31,965
Oral and Maxillofacial Pathology Dentistry,221,669,70,960
Institutional Pharmacy,890,64,5,959
Supports Brokerage Agency,762,134,55,951
Physical Disabilities Residential Treatment Facility,770,144,34,948
Forensic Psychologist,73,827,45,945
Gerontology Occupational Therapist,34,855,54,943
Metabolic Nutrition Registered Dietitian,120,753,59,932
Children's Hospital,735,107,82,924
Allergy & Immunology (Internal Medicine) Physician,147,584,188,919
Ophthalmic Plastic and Reconstructive Surgery Physician,146,445,298,889
Special Hospital,753,105,25,883
Dermatopathology Physician,209,505,165,879
Group Psychotherapy Psychologist,455,357,62,874
Prevention Professional,213,616,36,865
Pediatric Rheumatology Physician,45,593,222,860
Home Infusion Agency,796,20,41,857
Undersea and Hyperbaric Medicine (Preventive Medicine) Physician,333,267,252,852
Home Delivered Meals,761,64,23,848
Epilepsy Physician,11,539,292,842
Clinical Exercise Physiologist,41,744,44,829
Wound Care Registered Nurse,287,473,68,828
Rehabilitation Psychologist,98,688,40,826
Pediatric Allergy/Immunology Physician,61,576,186,823
Infusion Therapy Registered Nurse,111,680,29,820
Surgery of the Hand (Surgery) Physician,176,474,168,818
Addiction (Substance Use Disorder) Psychologist,202,544,65,811
Glaucoma Specialist (Ophthalmology) Physician,61,451,291,803
Rural Acute Care Hospital,717,52,32,801
Nursing Home Administrator,98,644,37,779
Addiction Medicine (Preventive Medicine) Physician,189,303,281,773
Ambulatory Women's Health Care Registered Nurse,19,708,14,741
Neurorehabilitation Occupational Therapist,56,654,27,737
Orthotic Fitter,60,657,14,731
Renal Nutrition Registered Dietitian,69,603,40,712
Parenteral & Enteral Nutrition Supplies (DME),679,20,5,704
Oral and Maxillofacial Surgery Clinic/Center,671,4,26,701
Personal Emergency Response Attendant,159,531,10,700
Children's Substance Abuse Rehabilitation Facility,546,88,51,685
Sports Medicine (Neuromusculoskeletal Medicine) Physician,252,396,34,682
Vision Therapy Optometrist,290,344,45,679
Ambulatory Family Planning Facility,599,33,45,677
Medical Technologist,8,661,8,677
Dermatopathology (Pathology) Physician,73,483,120,676
Lodging Provider,443,157,73,673
PACE Provider Organization,586,40,43,669
Oncology Registered Nurse,4,651,12,667
Ophthalmologic Surgery Clinic/Center,639,5,14,658
Non-Surgical Family Planning Clinic/Center,594,18,43,655
Prescribing (Medical) Psychologist,274,301,78,653
Kinesiotherapist,21,618,8,647
Pediatric Rehabilitation Medicine Physician,70,446,131,647
Otology & Neurotology Physician,108,412,123,643
Cytopathology Physician,38,540,63,641
Denturist,148,448,42,638
Military Hospital,539,97,2,638
Gerontology Registered Nurse,23,602,11,636
Mail Order Pharmacy,626,5,3,634
Dental Anesthesiology,153,376,104,633
Clinical Pathology Physician,70,436,123,629
Family Health Clinical Nurse Specialist,136,452,41,629
Speech/Language/Hearing Specialist/Technologist,53,556,20,629
Forensic Psychiatry Physician,41,509,77,627
Aerospace Medicine Physician,9,524,93,626
Clinical Laboratory Director (Non-physician),112,495,19,626
Cornea and External Diseases Specialist Physician,33,360,230,623
Sports Medicine (Internal Medicine) Physician,143,337,133,613
Sleep Medicine (Family Medicine) Physician,145,256,211,612
Maternal Newborn Registered Nurse,19,572,18,609
Hematology (Pathology) Physician,11,490,107,608
Forensic Pathology Physician,14,557,34,605
Critical Care Pharmacist,0,582,22,604
Surgery of the Hand (Plastic Surgery) Physician,157,344,103,604
Nuclear Radiology Physician,73,428,102,603
Pediatric Skilled Nursing Facility,542,51,10,603
Military/U.S. Coast Guard Outpatient Clinic/Center,586,11,5,602
Health Psychologist,108,437,55,600
Mental Health Occupational Therapist,60,477,63,600
Respiratory/Developmental/Rehabilitative Specialist/Technologist,61,522,16,599
Research Study Specialist,131,447,20,598
Alzheimer Center (Dementia Center),571,15,5,591
Assisted Living Facility (Behavioral Disturbances),501,62,28,591
Reflexologist,66,510,5,581
Behavioral Neurology & Neuropsychiatry Physician,241,227,111,579
Ph.D. Medical Genetics,228,307,20,555
Family Psychologist,90,429,29,548
Child Mental Illness Respite Care,117,417,9,543
Undersea and Hyperbaric Medicine (Emergency Medicine) Physician,271,179,89,539
Acute Care Clinical Nurse Specialist,15,477,46,538
Emergency Response System Companies,492,22,19,533
Phlebology Physician,216,248,63,527
Blood Banking & Transfusion Medicine Physician,19,415,90,524
Critical Care Registered Respiratory Therapist,5,502,15,522
Internist Chiropractor,163,343,15,521
Neonatal Intensive Care Registered Nurse,7,490,23,520
Sonography Specialist/Technologist Cardiovascular,176,334,10,520
Pediatric Ophthalmology and Strabismus Specialist Physician,43,316,152,511
Obesity and Weight Management Nutrition Registered Dietitian,122,329,57,508
Community Health Nurse Practitioner,108,336,56,500
Independent Medical Examiner Chiropractor,175,304,19,498
Military/U.S. Coast Guard Pharmacy,490,0,6,496
Endoscopy Clinic/Center,491,1,3,495
Hospice Registered Nurse,74,401,18,493
Radiography Radiologic Technologist,81,408,3,492
Lay Midwife,36,436,10,482
Sports Medicine (Emergency Medicine) Physician,39,347,95,481
Transplant Hepatology Physician,7,257,211,475
Mental Illness Intermediate Care Facility,452,11,10,473
Neuromuscular Medicine (Psychiatry & Neurology) Physician,34,302,137,473
Occupational Health Nurse Practitioner,32,393,47,472
Hepatology Physician,54,305,111,470
Pediatric Sports Medicine Physician,24,252,191,467
Psychosomatic Medicine Physician,54,338,74,466
Magnetic Resonance Imaging Radiologic Technologist,199,226,23,448
Adolescent Medicine (Internal Medicine) Physician,117,285,44,446
Gerontology Clinical Nurse Specialist,22,386,33,441
Homeopath,52,379,6,437
Electrodiagnostic Medicine Physician,375,16,40,431
Meals Provider,338,76,16,430
Pediatric Neurodevelopmental Disabilities Physician,82,275,70,427
Low Vision Rehabilitation Optometrist,143,242,41,426
Pediatric Hospice and Palliative Medicine Physician,38,279,105,422
General Care Registered Respiratory Therapist,20,396,5,421
Inpatient Obstetric Registered Nurse,1,404,11,416
Medical Laboratory Technician,68,335,8,411
Oncology Clinic/Center,357,13,41,411
Integrative Medicine Physician,226,136,44,406
Radiology Practitioner Assistant,6,376,22,404
Substance Use Disorder Rehabilitation Hospital Unit,338,27,37,402
Continuing Education/Staff Development Registered Nurse,18,368,10,396
Corporate Health Clinic/Center,365,14,16,395
Nuclear Cardiology Physician,159,174,62,395
Assistant Health Information Record Technician,1,386,6,393
Pain Medicine (Psychiatry & Neurology) Physician,112,195,85,392
Pediatric Dermatology Physician,36,251,105,392
Pediatric Clinical Nurse Specialist,23,349,17,389
Psychoanalysis Psychologist,39,341,8,388
Obesity Medicine (Internal Medicine) Physician,185,128,72,385
Pediatric Optometrist,64,257,64,385
Occupational Health Chiropractor,130,246,6,382
Mammography Clinic/Center,368,3,10,381
Medically Fragile Infants and Children Day Care,359,14,8,381
Recovery Care Clinic/Center,300,37,39,376
Rehabilitation Registered Nurse,6,363,5,374
Blind Rehabilitation Specialist/Technologist,7,354,8,369
Indian Health Service/Tribal/Urban Indian Health (I/T/U) Pharmacy,355,4,6,365
Health Information Specialist/Technologist,106,247,7,360
Radiation Oncology Clinic/Center,324,11,22,357
Adult Development & Aging Psychologist,66,282,6,354
Gastroenterology Registered Nurse,3,340,11,354
Research Clinic/Center,287,43,22,352
Hospice and Palliative Medicine (Emergency Medicine) Physician,35,198,113,346
Therapeutic Radiology Physician,56,255,35,346
Ophthalmic Technician/Technologist,168,164,13,345
Occupational Health Registered Nurse,13,323,4,340
Obesity Medicine (Family Medicine) Physician,147,142,46,335
Pediatric Chiropractor,86,229,20,335
Pediatric Pharmacist,1,316,13,330
Chronic Disease Hospital,279,45,2,326
Child Abuse Pediatrics Physician,33,186,98,317
College Health Registered Nurse,1,314,0,315
Radiology Chiropractor,101,194,19,314
Spinal Cord Injury Medicine Physician,32,239,41,312
Inpatient Hospice,283,12,8,303
Prison Health Clinic/Center,270,8,25,303
Urogynecology and Reconstructive Pelvic Surgery (Urology) Physician,63,168,72,303
Medical-Surgical Clinical Nurse Specialist,29,263,10,302
Neuromuscular Medicine (Physical Medicine & Rehabilitation) Physician,120,147,34,301
Religious Nonmedical Practitioner,22,259,19,300
Pathology Specialist/Technologist,30,258,10,298
Pedorthist,37,247,14,298
Registered Dietetic Technician,16,271,10,297
Department of Veterans Affairs (VA) Pharmacy,291,3,2,296
Medical Toxicology (Emergency Medicine) Physician,29,174,91,294
Adolescent Medicine (Family Medicine) Physician,98,178,17,293
Child & Adolescent Psychiatric/Mental Health Clinical Nurse Specialist,22,233,34,289
Medical Art Specialist/Technologist,56,199,27,282
Obesity Medicine (Preventive Medicine) Physician,137,86,59,282
Neuropathology Physician,1,244,36,281
Neuro-ophthalmology Physician,13,174,93,280
Orofacial Pain Dentistry,60,167,53,280
Infection Control Registered Nurse,6,269,4,279
Pediatric Pathology Physician,13,225,41,279
Vehicle Modifications Contractor,62,138,79,279
Nursing Facility Supplies (DME),249,28,0,277
Adult Congenital Heart Disease Physician,2,125,143,270
Sports Dietetics Nutrition Registered Dietitian,26,226,18,270
Intermediate Emergency Medical Technician,56,205,8,269
Naprapath,69,183,15,267
Pediatric Sleep Medicine Physician,50,127,90,267
Plastic Surgery Within the Head and Neck (Plastic Surgery) Physician,72,166,22,260
Mastectomy Fitter,48,198,13,259
Bus,227,27,2,256
Diagnostic Neuroimaging (Radiology) Physician,53,143,58,254
Oncology Clinical Nurse Specialist,6,222,26,254
Hand Physical Therapist,40,183,24,247
Ocularist,87,143,17,247
Otolaryngic Allergy Physician,92,133,21,246
Oral and Maxillofacial Radiology Dentistry,28,189,28,245
Drama Therapist,12,206,25,243
EEG Specialist/Technologist,88,143,11,242
Independent Medical Examiner Physician,97,137,5,239
Child Physical Disabilities Respite Care,109,121,7,237
Clinical Electrophysiology Physical Therapist,56,103,74,233
Nurse Massage Therapist (NMT),15,208,9,232
Vascular Sonography Radiologic Technologist,68,150,14,232
Emergency Medicine Pharmacist,0,217,13,230
Nuclear Imaging & Therapy Physician,33,169,24,226
Orthopedic Registered Nurse,4,220,2,226
Computed Tomography Radiologic Technologist,38,177,10,225
Dance Therapist,9,203,13,225
School Nurse Practitioner,31,171,19,221
Lithotripsy Clinic/Center,195,0,25,220
Managed Care Organization Pharmacy,209,9,2,220
Dental Therapist,4,189,26,219
Critical Care Medicine Clinical Nurse Specialist,2,204,10,216
Molecular Genetic Pathology (Pathology) Physician,20,160,35,215
Addiction Medicine (Anesthesiology) Physician,51,125,38,214
Neuroscience Registered Nurse,2,207,3,212
Home Health Clinical Nurse Specialist,76,124,7,207
Long-Term Care Clinical Nurse Specialist,25,165,14,204
Orientation and Mobility Training Rehabilitation Counselor,16,181,5,202
Cardiac Rehabilitation Registered Nurse,47,147,7,201
Brain Injury Medicine (Physical Medicine & Rehabilitation) Physician,38,85,77,200
Hemodialysis Registered Nurse,19,179,2,200
Religious Nonmedical Nursing Personnel,12,184,4,200
Women's Health Clinical Nurse Specialist,19,166,14,199
Clinical Pharmacology Physician,8,178,11,197
Dietary Manager,65,129,1,195
General Care Certified Respiratory Therapist,16,174,5,195
Home Health Registered Respiratory Therapist,34,157,3,194
Pain Management Registered Nurse,37,147,10,194
Military General Acute Care Hospital,162,29,1,192
Cardiology Technician,87,102,2,191
Neonatal/Pediatric Registered Respiratory Therapist,3,182,6,191
Nutrition Support Pharmacist,9,176,2,187
Cardiovascular Specialist/Technologist,93,87,1,181
Infectious Diseases Pharmacist,1,171,9,181
Critical Care Certified Respiratory Therapist,3,173,2,178
Hospice and Palliative Medicine (Physical Medicine & Rehabilitation) Physician,59,89,28,176
Sports Medicine (Preventive Medicine) Physician,26,139,10,175
Community Health/Public Health Clinical Nurse Specialist,22,147,2,171
Nuclear Medicine Technology Radiologic Technologist,52,116,3,171
Laboratory Management Specialist/Technologist,38,126,6,170
Sleep Medicine (Otolaryngology) Physician,64,68,37,169
Orthopedic Assistant,8,141,18,167
Critical Access Hospital Clinic/Center,155,3,7,165
Assistive Technology Practitioner Audiologist,51,101,11,163
Radiation Therapy Radiologic Technologist,21,142,0,163
Physician Office Based Coding Specialist,53,105,4,162
Home Health Certified Respiratory Therapist,29,131,1,161
Ophthalmic Assistant,11,141,6,158
Dental Laboratory,151,6,0,157
Clinical Molecular Genetics Physician,9,130,16,155
Dialysis Equipment & Supplies (DME),138,14,3,155
Driving and Community Mobility Occupational Therapist,24,122,9,155
Exercise & Sports Psychologist,31,118,6,155
Low Vision Occupational Therapist,36,101,17,154
Sports Medicine Podiatrist,49,84,20,153
Recreational Therapist Assistant,0,150,1,151
Oncology Nutrition Registered Dietitian,6,118,26,150
EEG Technician,28,117,4,149
Hospice and Palliative Medicine (Obstetrics & Gynecology) Physician,65,82,2,149
Perinatal Registered Nurse,7,139,2,148
Women's Hospital,118,29,0,147
Ambulatory Fertility Facility,125,4,15,144
Complex Family Planning Physician,13,73,57,143
Plastic Surgery Registered Nurse,3,134,5,142
Vascular Specialist/Technologist Cardiovascular,65,76,1,142
Cardiopulmonary Physical Therapist,20,115,3,138
Nuclear Pharmacist,4,128,5,137
Religious Nonmedical Health Care Institution,108,13,16,137
Sleep Specialist (PhD),94,37,6,137
Research Study Abstracter/Coder,23,109,4,136
Clinical & Laboratory Immunology (Allergy & Immunology) Physician,52,75,8,135
Environmental Modification Occupational Therapist,56,65,10,131
Radiological Physics Physician,22,101,8,131
Environmental Modification Occupational Therapy Assistant,4,122,3,129
High-Risk Obstetric Registered Nurse,4,120,4,128
Federal Public Health Clinic/Center,116,8,3,127
Occupational Vision Optometrist,36,87,3,126
Audiology Assistant,18,96,8,122
Nutrition Support Registered Nurse,7,108,7,122
Respite Care Camp,91,20,10,121
Pulmonary Rehabilitation Registered Respiratory Therapist,19,97,3,119
Advanced Practice Dental Therapist,20,86,11,117
Cardiac Rehabilitation Clinic/Center,111,2,3,116
Assistive Technology Supplier Audiologist,44,62,8,114
Neonatal Clinical Nurse Specialist,1,103,8,112
Clinical & Laboratory Dermatological Immunology Physician,42,53,13,108
Nephrology Registered Nurse,2,104,1,107
Clinical Cytogenetics Physician,11,94,1,106
Genetics Clinic/Center,91,9,2,102
Assistive Technology Practitioner Rehabilitation Counselor,13,87,1,101
Legal Medicine (M.D./D.O.) Physician,29,70,1,100
Pulmonary Function Technologist Registered Respiratory Therapist,7,91,2,100
Clinical Biochemical Genetics Physician,9,69,20,98
Pathology Technician,21,76,1,98
Clinical Ethicist,11,82,3,96
Ergonomics Occupational Therapist,8,81,7,96
Child & Family Psychiatric/Mental Health Clinical Nurse Specialist,24,59,12,95
Perioperative Clinical Nurse Specialist,7,83,5,95
Uveitis and Ocular Inflammatory Disease (Ophthalmology) Physician,4,50,41,95
Pulmonary Rehabilitation Certified Respiratory Therapist,17,77,0,94
Hospice and Palliative Medicine (Anesthesiology) Physician,14,45,34,93
Pulmonary Function Technologist,34,57,1,92
Perinatal Nurse Practitioner,5,72,13,90
Renal Dialysis Technician,30,58,1,89
Children's Rehabilitation Hospital,62,25,1,88
Pediatric Transplant Hepatology Physician,2,51,35,88
Peritoneal Dialysis Registered Nurse,17,68,2,87
Medical Microbiology Physician,7,68,11,86
Pulmonary Diagnostics Registered Respiratory Therapist,23,62,1,86
Compounded Sterile Preparations Pharmacist,6,76,3,85
Mammography Radiologic Technologist,20,64,1,85
Mobile Mammography Clinic/Center,77,0,8,85
Cardiovascular Invasive Specialist/Technologist,11,73,0,84
Pediatric Oncology Registered Nurse,0,80,3,83
Dental Laboratory Technician,14,64,3,81
Children's Chronic Disease Hospital,74,6,0,80
Driving and Community Mobility Occupational Therapy Assistant,5,68,6,79
Ergonomics Physical Therapist,10,67,1,78
Educational Registered Respiratory Therapist,5,70,0,75
Neurodevelopmental Disabilities Physician,23,44,8,75
Urology Registered Nurse,4,70,1,75
Enterostomal Therapy Registered Nurse,3,70,1,74
"Feeding, Eating & Swallowing Occupational Therapy Assistant",4,64,6,74
Registered Record Administrator,4,65,5,74
Emergency Clinical Nurse Specialist,1,69,2,72
Geropsychiatric Psychiatric/Mental Health Clinical Nurse Specialist,16,43,10,69
Flight Registered Nurse,1,65,1,67
Medical Foods Supplier,56,8,2,66
Optometric Technician,13,53,0,66
Thermography Chiropractor,19,47,0,66
Cardiology Pharmacist,0,63,2,65
Diagnostic Neuroimaging (Psychiatry & Neurology) Physician,41,20,4,65
Histology Specialist/Technologist,15,49,0,64
Magnetic Resonance Imaging (MRI) Internal Medicine Physician,42,18,4,64
Bone Densitometry Radiologic Technologist,42,21,0,63
Gerontological Nutrition Registered Dietitian,4,55,4,63
Microbiology Specialist/Technologist,1,62,0,63
Contact Lens Fitter,13,47,1,61
"Feeding, Eating & Swallowing Occupational Therapist",12,43,5,60
Clinical Informatics Physician,21,25,13,59
Anaplastologist,24,31,3,58
Hospice and Palliative Medicine (Surgery) Physician,12,36,10,58
Medical Geneticist (PhD) Specialist/Technologist,1,55,1,57
Podiatric Assistant,9,48,0,57
Contact Lens Technician/Technologist,14,42,0,56
Neonatal/Pediatric Certified Respiratory Therapist,0,54,2,56
Neuroscience Clinical Nurse Specialist,5,49,1,55
Obesity Medicine (Obstetrics & Gynecology) Physician,24,21,9,54
Pulmonary Diagnostics Certified Respiratory Therapist,18,33,2,53
Brain Injury Medicine (Psychiatry & Neurology) Physician,32,10,10,52
Medical Toxicology (Preventive Medicine) Physician,18,30,4,52
Oral Medicine Dentistry,5,38,7,50
Optometric Assistant Technician,10,38,1,49
Pulmonary Function Technologist Certified Respiratory Therapist,12,37,0,49
Solid Organ Transplant Pharmacist,0,45,4,49
Community Psychiatric/Mental Health Clinical Nurse Specialist,14,29,5,48
Organ Procurement Organization,43,1,3,47
Orthoptist,4,39,4,47
Clinical & Laboratory Immunology (Internal Medicine) Physician,20,22,3,45
Sports Vision Optometrist,15,30,0,45
Human Factors Occupational Therapist,6,37,1,44
Reproductive Endocrinology/Infertility Registered Nurse,5,39,0,44
Assistive Technology Supplier Rehabilitation Counselor,16,26,1,43
Blood Bank,36,6,1,43
Hospice and Palliative Medicine (Psychiatry & Neurology) Physician,9,30,4,43
Poetry Therapist,1,39,3,43
Funeral Director,18,24,0,42
Immunopathology Physician,5,35,2,42
Critical Care Medicine (Obstetrics & Gynecology) Physician,8,28,5,41
Human Factors Physical Therapist,12,28,1,41
Biomedical Engineer,2,34,1,37
Biostatiscian,1,36,0,37
Cardiovascular-Interventional Technology Radiologic Technologist,5,32,0,37
Chemical Pathology Physician,4,30,3,37
Chemistry Pathology Specialist/Technologist,1,34,2,37
Perinatal Clinical Nurse Specialist,2,35,0,37
Vascular-Interventional Technology Radiologic Technologist,12,21,4,37
Continence Care Registered Nurse,7,29,0,36
Educational Certified Respiratory Therapist,3,33,0,36
Migrant Health Clinic/Center,34,2,0,36
Otorhinolaryngology & Head-Neck Registered Nurse,1,35,0,36
Chronic Care Clinical Nurse Specialist,17,15,3,35
Ostomy Care Registered Nurse,2,31,2,35
Patient Transport Registered Respiratory Therapist,4,31,0,35
Public Medicine Podiatrist,14,21,0,35
Holistic Clinical Nurse Specialist,15,19,0,34
Hypertension Specialist Physician,13,21,0,34
Medical Biochemical Genetics,3,23,8,34
School Clinical Nurse Specialist,1,31,2,34
SNF/Subacute Care Registered Respiratory Therapist,2,32,0,34
SNF/Subacute Care Certified Respiratory Therapist,6,27,0,33
Nuclear Pharmacy,32,0,0,32
Cytotechnology Specialist/Technologist,0,30,0,30
Graphics Designer,5,25,0,30
Molecular Genetic Pathology (Medical Genetics) Physician,5,20,5,30
Nephrology Specialist/Technologist,8,17,5,30
Rehabilitation Clinical Nurse Specialist,2,22,5,29
Occupational Health Clinical Nurse Specialist,7,19,2,28
Patient Transport Certified Respiratory Therapist,4,24,0,28
Ph.D. Medical Genetics Physician,4,17,7,28
Histology Technician,4,23,0,27
Biomedical Engineering Technician,3,23,0,26
Diplomate Laboratory Management Specialist/Technologist,7,17,2,26
Ophthalmic Registered Nurse,1,25,0,26
Facility / Clinic,25,0,0,25
Hospital Based Coding Specialist,9,15,0,24
Low-Risk Neonatal Registered Nurse,1,23,0,24
Pediatric Medical Toxicology Physician,7,14,3,24
Pediatric Obesity Medicine Physician,8,13,3,24
Informatics Clinical Nurse Specialist,1,22,0,23
Operational (Transportable) Military General Acute Care Hospital,21,2,0,23
Amputee Clinic/Center,22,0,0,22
Emergency Care Registered Respiratory Therapist,1,20,1,22
Low Vision Occupational Therapy Assistant,1,21,0,22
Clinical Informatics (Pathology) Physician,5,12,3,20
In Vivo & In Vitro Nuclear Medicine Physician,3,17,0,20
Military Clinical Medical Laboratory,14,6,0,20
Therapy & Rehabilitation,20,0,0,20
Blood Banking Specialist/Technologist,2,17,0,19
Hematology Specialist/Technologist,1,18,0,19
Single Specialty Group,0,18,1,19
Military and U.S. Coast Guard Ambulatory Procedure Clinic/Center,17,1,0,18
Military Outpatient Operational (Transportable) Component Clinic/Center,16,2,0,18
Pediatric Clinical & Laboratory Immunology Physician,2,15,1,18
Biochemist,1,15,0,16
Cardiac-Interventional Technology Radiologic Technologist,4,12,0,16
Eye Bank,16,0,0,16
Immunology Pathology Specialist/Technologist,4,12,0,16
Obesity Medicine (Psychiatry & Neurology) Physician,7,7,2,16
Air Carrier,14,0,1,15
Augmentative Communication Clinic/Center,14,1,0,15
Medical Research Veterinarian,0,15,0,15
Emergency Care Certified Respiratory Therapist,1,12,1,14
Medical Illustrator,2,12,0,14
Sports Medicine (Psychiatry & Neurology) Physician,7,7,0,14
Pediatric Critical Care Nutrition Registered Dietitian,0,12,1,13
Radiology Podiatrist,8,5,0,13
Hospice and Palliative Medicine (Radiology) Physician,1,9,2,12
Community Paramedic,3,8,0,11
Other / Specialist,11,0,0,11
Physician Nutrition Specialist (Family Medicine),5,5,1,11
Multi-Specialty Group,0,10,0,10
Military Ambulatory Procedure Visits Operational (Transportable) Clinic/Center,5,4,0,9
Diabetology (Family Medicine) Physician,2,5,1,8
Pediatric Oncology Clinical Nurse Specialist,0,8,0,8
Transplantation Clinical Nurse Specialist,1,7,0,8
Biomedical Photographer,1,4,2,7
Epilepsy Hospital Unit,5,2,0,7
Geriatric Care Certified Respiratory Therapist,1,6,0,7
Medical Equipment & Supplies,7,0,0,7
Train,4,3,0,7
Pain Management Pharmacist,0,6,0,6
"Social Worker, Clinical",1,5,0,6
Vision & Eye Care,6,0,0,6
Water Ambulance,6,0,0,6
Diabetology (Internal Medicine) Physician,1,3,1,5
Nursing,5,0,0,5
"Speech-Language Pathologist,  ",0,5,0,5
Chronically Ill Psychiatric/Mental Health Clinical Nurse Specialist,1,3,0,4
"Counselor, Mental Health",2,2,0,4
Geriatric Care Registered Respiratory Therapist,0,4,0,4
Graphics Methods Specialist/Technologist,1,3,0,4
Hemapheresis Practitioner,2,2,0,4
Military or U.S. Coast Guard Ground Transport Ambulance,4,0,0,4
"Nurse Practitioner, Psych/Mental Health",0,4,0,4
Palliative/Hospice Certified Respiratory Therapist,1,3,0,4
Physician Nutrition Specialist (Internal Medicine),1,3,0,4
Psychiatry & Mental Health,4,0,0,4
Veterinary Technician,0,4,0,4
246ZS0400X,0,3,0,3
"Counselor, Professional",1,2,0,3
Darkroom Technician,1,2,0,3
"Nurse Practitioner, Family",0,3,0,3
Palliative/Hospice Registered Respiratory Therapist,1,2,0,3
Quality Management Radiologic Technologist,0,3,0,3
Radiology & Imaging,3,0,0,3
Chiropractic,2,0,0,2
Emergency Services,2,0,0,2
Military or U.S. Coast Guard Air Transport Ambulance,2,0,0,2
Pathology,2,0,0,2
"Specialist/Technologist, Other, Surgical Technologist",0,2,0,2
"Clinic/Center, Physical Therapy",1,0,0,1
"Clinic/Center, Primary Care",1,0,0,1
"Clinic/Center, Radiology",1,0,0,1
"Counselor, Addiction (Substance Use Disorder)",0,1,0,1
"Dentist, General Practice",0,1,0,1
Dentistry,1,0,0,1
"Dietetic Technician, Registered",0,1,0,1
"Dietitian, Registered",1,0,0,1
Family Medicine,1,0,0,1
In Home Supportive Care,1,0,0,1
Internal Medicine,1,0,0,1
Military or U.S. Coast Guard Water Transport Ambulance,0,1,0,1
Military/U.S. Coast Guard Transport,0,1,0,1
"Nurse Anesthetist, Certified Registered",0,1,0,1
"Nurse Practitioner, Critical Care Medicine",0,1,0,1
Nursing Care,1,0,0,1
Orthopaedic Surgery,1,0,0,1
"Pain Medicine, Interventional Pain Medicine",1,0,0,1
"Pharmacist, Critical Care",0,1,0,1
"Physical Therapist, Orthopedic",0,1,0,1
Physician Nutrition Specialist (Pediatrics),0,1,0,1
Psychiatry | Child & Adolescent Physician,1,0,0,1
Psychiatry | Physician,1,0,0,1
